donation_id,supporter_id,donation_type,donation_date,channel_source,currency_code,amount,estimated_value,impact_unit,is_recurring,campaign_name,notes,referral_post_id
1,42,Monetary,2025-12-31,Campaign,PHP,717.18,717.18,pesos,f,,In support of safehouse operations,
2,25,Time,2025-12-02,Event,,,35.15,hours,t,Year-End Hope,Community outreach support,
3,19,Monetary,2024-12-02,PartnerReferral,PHP,1074.65,1074.65,pesos,f,,Campaign support,
4,33,Monetary,2023-09-11,PartnerReferral,PHP,1230.56,1230.56,pesos,f,,In support of safehouse operations,
5,24,InKind,2023-11-08,SocialMedia,,,1177.41,items,t,GivingTuesday,In support of safehouse operations,421
6,25,Monetary,2025-09-18,Direct,PHP,678.86,678.86,pesos,t,,Campaign support,
7,25,Time,2024-12-14,Event,,,37.53,hours,t,Year-End Hope,Campaign support,
8,23,Monetary,2024-11-21,Direct,PHP,600.64,600.64,pesos,f,GivingTuesday,Campaign support,
9,54,InKind,2023-09-25,Campaign,,,911.84,items,t,,Monthly contribution,
10,36,Monetary,2023-04-16,Event,PHP,1677.73,1677.73,pesos,f,Summer of Safety,In support of safehouse operations,
11,13,Time,2023-02-10,Event,,,11.39,hours,f,,In support of safehouse operations,
12,26,Monetary,2024-11-20,Direct,PHP,1773.19,1773.19,pesos,t,GivingTuesday,Event donation,
13,25,InKind,2025-08-30,Direct,,,433.32,items,t,,Campaign support,
14,47,Monetary,2025-10-07,PartnerReferral,PHP,1541.75,1541.75,pesos,f,,In support of safehouse operations,
15,1,InKind,2023-07-02,Event,,,300.00,items,t,,Campaign support,
16,45,Monetary,2024-10-25,Campaign,PHP,4026.84,4026.84,pesos,t,,Monthly contribution,
17,26,SocialMedia,2023-08-11,Event,,,4.30,campaigns,t,,Community outreach support,
18,51,Time,2026-01-06,Direct,,,17.79,hours,f,,Monthly contribution,
19,4,Monetary,2026-03-01,Event,PHP,342.96,342.96,pesos,t,,Community outreach support,
20,45,Monetary,2023-08-31,Campaign,PHP,962.42,962.42,pesos,t,,Event donation,
21,41,Monetary,2024-01-13,Event,PHP,1345.15,1345.15,pesos,f,,Monthly contribution,
22,22,Monetary,2025-11-13,Campaign,PHP,1109.83,1109.83,pesos,f,,Recurring gift,
23,37,Time,2024-02-06,Direct,,,21.44,hours,f,,Campaign support,
24,54,SocialMedia,2023-04-27,PartnerReferral,,,3.05,campaigns,t,Summer of Safety,In support of safehouse operations,
25,9,Monetary,2024-11-04,SocialMedia,PHP,1796.47,1796.47,pesos,f,Year-End Hope,Campaign support,779
26,29,Monetary,2025-09-28,Event,PHP,1083.86,1083.86,pesos,f,,Community outreach support,
27,7,InKind,2023-10-19,Event,,,826.93,items,t,,Community outreach support,
28,54,Skills,2025-06-15,PartnerReferral,,,11.27,hours,t,Back to School,Community outreach support,
29,31,Monetary,2023-12-26,SocialMedia,PHP,1014.15,1014.15,pesos,t,,Monthly contribution,61
30,4,InKind,2023-03-15,SocialMedia,,,439.51,items,t,,Monthly contribution,159
31,50,Time,2025-01-24,PartnerReferral,,,32.95,hours,f,,Community outreach support,
32,5,Skills,2024-01-18,SocialMedia,,,12.59,hours,f,,Monthly contribution,716
33,37,Monetary,2025-01-12,Campaign,PHP,1432.02,1432.02,pesos,f,,Recurring gift,
34,7,Monetary,2025-12-28,SocialMedia,PHP,938.45,938.45,pesos,t,,In support of safehouse operations,187
35,36,Monetary,2023-03-15,Direct,PHP,826.28,826.28,pesos,f,,In support of safehouse operations,
36,8,Monetary,2023-11-06,SocialMedia,PHP,766.29,766.29,pesos,t,,Event donation,421
37,21,Monetary,2023-07-25,Campaign,PHP,1104.16,1104.16,pesos,f,Back to School,Campaign support,
38,16,Monetary,2025-07-15,Event,PHP,568.91,568.91,pesos,f,Back to School,Campaign support,
39,25,InKind,2025-04-28,Direct,,,437.14,items,t,,Monthly contribution,
40,32,SocialMedia,2023-02-02,PartnerReferral,,,2.60,campaigns,f,,Monthly contribution,
41,23,Time,2025-03-26,Event,,,31.14,hours,f,,Campaign support,
42,6,SocialMedia,2023-03-22,Direct,,,11.87,campaigns,f,,Monthly contribution,
43,16,InKind,2025-11-03,Campaign,,,300.00,items,f,Year-End Hope,Monthly contribution,
44,33,InKind,2023-09-13,Direct,,,313.53,items,f,,Recurring gift,
45,19,Time,2025-11-12,Campaign,,,8.16,hours,f,GivingTuesday,Recurring gift,
46,5,Monetary,2023-12-20,Campaign,PHP,2022.07,2022.07,pesos,f,Year-End Hope,Recurring gift,
47,24,Monetary,2024-10-25,Event,PHP,857.65,857.65,pesos,t,,Event donation,
48,25,InKind,2023-11-10,PartnerReferral,,,300.00,items,t,Year-End Hope,Recurring gift,
49,25,Monetary,2025-11-23,Event,PHP,711.25,711.25,pesos,t,GivingTuesday,Recurring gift,
50,43,Monetary,2023-08-12,Direct,PHP,436.40,436.40,pesos,f,,Recurring gift,
51,10,InKind,2024-10-18,PartnerReferral,,,336.58,items,f,,Monthly contribution,
52,12,Time,2023-02-24,Event,,,19.07,hours,f,,Recurring gift,
53,55,Time,2023-11-03,PartnerReferral,,,5.23,hours,f,Year-End Hope,Recurring gift,
54,15,Monetary,2024-09-15,PartnerReferral,PHP,675.66,675.66,pesos,f,,Recurring gift,
55,54,SocialMedia,2023-03-13,Direct,,,2.66,campaigns,t,,Recurring gift,
56,35,Monetary,2024-03-27,Event,PHP,1420.82,1420.82,pesos,f,,Recurring gift,
57,4,Monetary,2023-12-27,Direct,PHP,1226.51,1226.51,pesos,t,,Recurring gift,
58,16,Monetary,2024-10-18,Campaign,PHP,1149.13,1149.13,pesos,f,,Community outreach support,
59,17,Time,2024-12-29,Direct,,,12.58,hours,f,Year-End Hope,Recurring gift,
60,50,InKind,2024-10-22,Direct,,,658.36,items,f,,Monthly contribution,
61,32,InKind,2025-10-24,Event,,,1369.84,items,f,,Recurring gift,
62,1,Monetary,2024-01-08,Direct,PHP,1392.10,1392.10,pesos,t,,Monthly contribution,
63,51,Monetary,2026-02-27,Campaign,PHP,914.95,914.95,pesos,f,,Recurring gift,
64,44,Monetary,2025-10-05,Direct,PHP,892.83,892.83,pesos,t,,Campaign support,
65,52,InKind,2024-05-16,SocialMedia,,,630.81,items,t,Summer of Safety,Community outreach support,191
66,4,Monetary,2024-10-11,Event,PHP,1623.68,1623.68,pesos,t,,Event donation,
67,9,Time,2024-08-31,Campaign,,,20.42,hours,f,,Campaign support,
68,56,InKind,2024-03-04,PartnerReferral,,,300.00,items,f,,In support of safehouse operations,
69,38,Monetary,2025-10-28,Direct,PHP,396.32,396.32,pesos,t,,Campaign support,
70,39,Monetary,2023-09-12,PartnerReferral,PHP,444.97,444.97,pesos,f,,Campaign support,
71,3,SocialMedia,2023-06-25,Campaign,,,9.07,campaigns,t,,Event donation,
72,52,InKind,2023-01-17,Campaign,,,506.18,items,t,,Community outreach support,
73,9,Monetary,2025-12-08,SocialMedia,PHP,1967.06,1967.06,pesos,f,,In support of safehouse operations,39
74,3,InKind,2023-04-09,Event,,,300.00,items,t,,Monthly contribution,
75,55,Skills,2023-05-10,SocialMedia,,,10.09,hours,f,,Community outreach support,244
76,54,Time,2023-12-07,PartnerReferral,,,19.14,hours,t,,Recurring gift,
77,13,Monetary,2025-02-03,Campaign,PHP,395.95,395.95,pesos,f,,Campaign support,
78,36,Time,2023-06-19,Campaign,,,21.67,hours,f,Back to School,Campaign support,
79,43,Time,2024-01-17,SocialMedia,,,4.65,hours,f,,In support of safehouse operations,716
80,32,Monetary,2025-07-18,PartnerReferral,PHP,1997.70,1997.70,pesos,f,Back to School,Community outreach support,
81,39,Monetary,2024-09-19,SocialMedia,PHP,295.79,295.79,pesos,f,,Event donation,209
82,31,Monetary,2025-05-11,SocialMedia,PHP,250.00,250.00,pesos,t,Summer of Safety,Monthly contribution,221
83,8,Monetary,2024-01-17,Direct,PHP,489.60,489.60,pesos,t,,Monthly contribution,
84,3,Monetary,2025-09-13,Campaign,PHP,527.51,527.51,pesos,t,,Recurring gift,
85,37,Monetary,2023-06-02,Campaign,PHP,502.90,502.90,pesos,f,Back to School,Event donation,
86,6,Monetary,2024-08-07,Campaign,PHP,2160.90,2160.90,pesos,f,,Community outreach support,
87,13,Monetary,2024-06-07,Campaign,PHP,423.77,423.77,pesos,f,,In support of safehouse operations,
88,11,InKind,2024-08-20,SocialMedia,,,577.02,items,f,,Campaign support,12
89,21,Monetary,2025-04-07,SocialMedia,PHP,1461.45,1461.45,pesos,f,,In support of safehouse operations,648
90,8,Monetary,2024-10-12,Campaign,PHP,470.61,470.61,pesos,t,,Event donation,
91,32,Monetary,2024-04-26,Event,PHP,464.59,464.59,pesos,f,Summer of Safety,Campaign support,
92,31,Monetary,2025-10-16,Direct,PHP,285.45,285.45,pesos,t,,Event donation,
93,48,Monetary,2024-05-04,Event,PHP,767.63,767.63,pesos,t,Summer of Safety,Recurring gift,
94,7,Monetary,2025-03-06,Event,PHP,413.82,413.82,pesos,t,,Monthly contribution,
95,6,Monetary,2025-08-12,PartnerReferral,PHP,3189.71,3189.71,pesos,f,,Campaign support,
96,55,Monetary,2025-03-03,Campaign,PHP,2439.57,2439.57,pesos,f,,Event donation,
97,11,InKind,2023-03-18,SocialMedia,,,386.10,items,f,,Monthly contribution,159
98,37,SocialMedia,2023-02-02,Campaign,,,5.92,campaigns,f,,Monthly contribution,
99,54,Monetary,2023-07-08,Direct,PHP,1167.20,1167.20,pesos,t,,Community outreach support,
100,51,Monetary,2023-05-11,PartnerReferral,PHP,1036.30,1036.30,pesos,f,Summer of Safety,Event donation,
101,60,Monetary,2023-08-14,Event,PHP,250.00,250.00,pesos,t,,In support of safehouse operations,
102,44,Monetary,2024-07-21,Campaign,PHP,587.96,587.96,pesos,t,,Recurring gift,
103,10,InKind,2025-11-09,SocialMedia,,,447.50,items,f,Year-End Hope,In support of safehouse operations,740
104,54,InKind,2025-11-23,SocialMedia,,,490.48,items,t,Year-End Hope,Monthly contribution,200
105,46,Monetary,2025-04-22,Campaign,PHP,787.53,787.53,pesos,f,Summer of Safety,Community outreach support,
106,3,Monetary,2025-03-15,Campaign,PHP,1534.69,1534.69,pesos,t,,Community outreach support,
107,37,Time,2024-11-21,Campaign,,,30.16,hours,f,GivingTuesday,Community outreach support,
108,34,InKind,2025-05-07,Direct,,,732.46,items,t,Summer of Safety,Event donation,
109,18,Monetary,2024-10-09,SocialMedia,PHP,329.79,329.79,pesos,f,,Community outreach support,48
110,20,Monetary,2023-03-23,Event,PHP,1350.34,1350.34,pesos,t,,In support of safehouse operations,
111,7,Time,2023-11-02,Event,,,18.82,hours,t,,Recurring gift,
112,50,Monetary,2024-04-13,SocialMedia,PHP,999.49,999.49,pesos,f,Summer of Safety,Monthly contribution,493
113,8,SocialMedia,2023-12-03,PartnerReferral,,,6.03,campaigns,t,,Campaign support,
114,8,InKind,2023-12-28,Campaign,,,486.04,items,t,Year-End Hope,Monthly contribution,
115,20,InKind,2023-06-03,Campaign,,,1788.92,items,t,Back to School,In support of safehouse operations,
116,20,Monetary,2024-11-10,Event,PHP,622.51,622.51,pesos,t,,Community outreach support,
117,34,Time,2024-10-26,PartnerReferral,,,22.09,hours,t,,Recurring gift,
118,20,SocialMedia,2023-12-08,Campaign,,,11.45,campaigns,t,Year-End Hope,Campaign support,
119,25,Monetary,2025-07-17,Campaign,PHP,1510.08,1510.08,pesos,t,Back to School,In support of safehouse operations,
120,2,Time,2023-09-25,Campaign,,,24.34,hours,f,,Monthly contribution,
121,25,Monetary,2025-07-04,SocialMedia,PHP,1244.53,1244.53,pesos,t,,Event donation,223
122,38,Monetary,2023-12-10,Event,PHP,1032.04,1032.04,pesos,t,Year-End Hope,Event donation,
123,38,Monetary,2023-05-21,SocialMedia,PHP,1757.44,1757.44,pesos,t,Summer of Safety,In support of safehouse operations,568
124,46,Monetary,2024-02-15,Direct,PHP,480.16,480.16,pesos,f,,Monthly contribution,
125,29,Time,2023-03-04,Direct,,,9.94,hours,f,,Monthly contribution,
126,19,InKind,2024-11-28,Campaign,,,658.57,items,f,GivingTuesday,Event donation,
127,3,Monetary,2023-08-22,SocialMedia,PHP,460.56,460.56,pesos,t,,In support of safehouse operations,727
128,53,Skills,2024-11-09,Direct,,,7.43,hours,f,,In support of safehouse operations,
129,54,Monetary,2023-11-11,Campaign,PHP,421.11,421.11,pesos,t,Year-End Hope,Campaign support,
130,45,Monetary,2025-03-04,Campaign,PHP,971.69,971.69,pesos,t,,Campaign support,
131,60,Monetary,2024-07-09,Direct,PHP,1195.89,1195.89,pesos,t,Back to School,In support of safehouse operations,
132,24,Time,2025-10-14,Event,,,18.77,hours,t,,Community outreach support,
133,5,Monetary,2025-10-02,Campaign,PHP,504.86,504.86,pesos,f,,Monthly contribution,
134,36,InKind,2024-05-22,PartnerReferral,,,416.51,items,f,,In support of safehouse operations,
135,58,InKind,2023-01-09,Direct,,,616.42,items,f,,Event donation,
136,25,Monetary,2024-09-15,Direct,PHP,695.12,695.12,pesos,t,,Campaign support,
137,32,SocialMedia,2026-01-18,Event,,,5.23,campaigns,f,,Community outreach support,
138,45,InKind,2024-11-26,Event,,,300.00,items,t,Year-End Hope,In support of safehouse operations,
139,45,Monetary,2025-04-30,SocialMedia,PHP,1321.41,1321.41,pesos,t,Summer of Safety,Recurring gift,790
140,8,InKind,2024-11-24,Direct,,,304.75,items,t,Year-End Hope,Campaign support,
141,31,Monetary,2024-02-08,Campaign,PHP,318.57,318.57,pesos,t,,Campaign support,
142,26,Monetary,2025-01-12,Campaign,PHP,1071.26,1071.26,pesos,t,,Campaign support,
143,1,InKind,2025-10-29,SocialMedia,,,503.75,items,t,,Event donation,
144,39,Monetary,2025-06-15,Event,PHP,364.81,364.81,pesos,f,,In support of safehouse operations,
145,1,Monetary,2023-03-25,SocialMedia,PHP,774.61,774.61,pesos,t,,In support of safehouse operations,70
146,3,InKind,2024-02-06,Campaign,,,476.64,items,t,,Event donation,
147,8,Skills,2025-08-05,Campaign,,,11.51,hours,t,,Recurring gift,
148,1,Time,2023-07-23,SocialMedia,,,19.20,hours,t,,Community outreach support,457
149,21,InKind,2023-10-20,SocialMedia,,,300.00,items,f,,Monthly contribution,666
150,3,Monetary,2024-10-03,Event,PHP,1707.64,1707.64,pesos,t,,In support of safehouse operations,
151,54,Monetary,2025-07-18,SocialMedia,PHP,436.93,436.93,pesos,t,,Monthly contribution,378
152,34,Monetary,2024-09-02,Campaign,PHP,250.00,250.00,pesos,t,,Community outreach support,
153,24,Time,2023-07-02,Event,,,4.89,hours,t,,Recurring gift,
154,16,InKind,2024-10-14,SocialMedia,,,300.00,items,f,,Recurring gift,211
155,7,InKind,2025-09-23,SocialMedia,,,716.99,items,t,,In support of safehouse operations,793
156,38,Monetary,2024-12-06,SocialMedia,PHP,1024.06,1024.06,pesos,t,Year-End Hope,Community outreach support,358
157,13,Time,2024-12-06,SocialMedia,,,5.85,hours,f,,Event donation,358
158,1,InKind,2023-06-24,Direct,,,606.91,items,t,Back to School,Recurring gift,
159,45,Monetary,2023-08-27,PartnerReferral,PHP,325.06,325.06,pesos,t,,Event donation,
160,9,Monetary,2024-11-08,SocialMedia,PHP,903.39,903.39,pesos,f,GivingTuesday,Campaign support,424
161,1,Monetary,2024-10-17,SocialMedia,PHP,1042.36,1042.36,pesos,t,,Monthly contribution,682
162,19,Time,2023-10-29,Direct,,,30.72,hours,f,,Recurring gift,
163,24,Monetary,2025-01-07,Campaign,PHP,710.26,710.26,pesos,t,,Event donation,
164,20,Monetary,2024-08-04,SocialMedia,PHP,971.81,971.81,pesos,t,,Recurring gift,667
165,32,Monetary,2023-01-22,Event,PHP,338.91,338.91,pesos,f,,Community outreach support,
166,30,Monetary,2025-07-29,SocialMedia,PHP,3208.90,3208.90,pesos,f,,Recurring gift,588
167,31,Monetary,2025-08-10,PartnerReferral,PHP,425.04,425.04,pesos,t,,Recurring gift,
168,8,Skills,2024-12-17,Event,,,17.89,hours,t,Year-End Hope,Event donation,
169,26,Monetary,2026-02-24,Event,PHP,357.02,357.02,pesos,t,,Campaign support,
170,21,Time,2025-12-30,Event,,,13.68,hours,f,Year-End Hope,Community outreach support,
171,7,Monetary,2023-05-30,Campaign,PHP,469.97,469.97,pesos,t,Summer of Safety,Event donation,
172,6,InKind,2024-12-20,Campaign,,,801.17,items,f,Year-End Hope,In support of safehouse operations,
173,35,Monetary,2023-10-31,Direct,PHP,1569.56,1569.56,pesos,f,,Campaign support,
174,44,Monetary,2025-11-22,Event,PHP,1564.35,1564.35,pesos,t,Year-End Hope,Monthly contribution,
175,59,Skills,2025-03-05,Event,,,12.57,hours,f,,In support of safehouse operations,
176,47,Time,2025-04-04,PartnerReferral,,,9.18,hours,f,Summer of Safety,Community outreach support,
177,45,Monetary,2023-11-26,Event,PHP,1732.45,1732.45,pesos,t,GivingTuesday,Event donation,
178,11,Monetary,2025-12-16,SocialMedia,PHP,2261.72,2261.72,pesos,f,,Monthly contribution,228
179,31,Monetary,2023-04-24,Campaign,PHP,1021.77,1021.77,pesos,t,Summer of Safety,Recurring gift,
180,20,Monetary,2024-08-17,Event,PHP,1177.60,1177.60,pesos,t,,Monthly contribution,
181,44,InKind,2023-12-03,Event,,,403.77,items,t,Year-End Hope,Campaign support,
182,15,Monetary,2024-06-16,Campaign,PHP,250.00,250.00,pesos,f,Back to School,Community outreach support,
183,55,Monetary,2024-03-13,Campaign,PHP,638.62,638.62,pesos,f,,Campaign support,
184,12,Monetary,2025-08-15,Direct,PHP,617.11,617.11,pesos,f,,Recurring gift,
185,55,Monetary,2024-12-01,PartnerReferral,PHP,6481.54,6481.54,pesos,f,Year-End Hope,Monthly contribution,
186,7,SocialMedia,2025-04-20,SocialMedia,,,7.08,campaigns,t,Summer of Safety,Event donation,656
187,31,InKind,2025-10-19,Campaign,,,307.52,items,t,,Monthly contribution,
188,24,Monetary,2025-01-01,PartnerReferral,PHP,1061.85,1061.85,pesos,t,,Monthly contribution,
189,43,Monetary,2025-10-23,Campaign,PHP,1223.21,1223.21,pesos,f,,In support of safehouse operations,
190,6,Monetary,2023-07-19,Direct,PHP,1038.86,1038.86,pesos,f,,Recurring gift,
191,38,InKind,2023-03-10,Direct,,,453.66,items,t,,Monthly contribution,
192,25,Monetary,2023-10-14,PartnerReferral,PHP,525.32,525.32,pesos,t,,Monthly contribution,
193,54,Time,2024-05-31,Event,,,4.52,hours,t,,Monthly contribution,
194,31,InKind,2025-02-28,SocialMedia,,,529.53,items,t,,Event donation,14
195,25,InKind,2026-02-14,Event,,,412.91,items,t,,Campaign support,
196,26,Monetary,2024-10-06,Campaign,PHP,735.70,735.70,pesos,t,,Recurring gift,
197,23,SocialMedia,2023-12-15,SocialMedia,,,4.75,campaigns,f,Year-End Hope,In support of safehouse operations,359
198,17,Monetary,2025-01-21,Direct,PHP,813.27,813.27,pesos,f,,Event donation,
199,21,Time,2023-08-26,Campaign,,,26.27,hours,f,,Monthly contribution,
200,10,Skills,2023-08-22,Event,,,20.62,hours,f,,Recurring gift,
201,36,Monetary,2023-01-15,Campaign,PHP,691.35,691.35,pesos,f,,Community outreach support,
202,44,Monetary,2025-12-17,Direct,PHP,1155.47,1155.47,pesos,t,Year-End Hope,In support of safehouse operations,
203,35,Monetary,2025-02-11,Direct,PHP,250.00,250.00,pesos,f,,Campaign support,
204,12,InKind,2025-10-13,Campaign,,,735.61,items,f,,In support of safehouse operations,
205,19,Monetary,2024-01-07,Direct,PHP,1337.07,1337.07,pesos,f,,Community outreach support,
206,5,Monetary,2024-12-28,PartnerReferral,PHP,812.03,812.03,pesos,f,Year-End Hope,In support of safehouse operations,
207,20,Skills,2023-05-04,Campaign,,,17.39,hours,t,Summer of Safety,Event donation,
208,44,Monetary,2023-11-23,PartnerReferral,PHP,1160.53,1160.53,pesos,t,GivingTuesday,Event donation,
209,40,Skills,2025-07-22,Direct,,,12.44,hours,f,Back to School,Recurring gift,
210,59,InKind,2024-01-26,Campaign,,,359.85,items,f,,Campaign support,
211,19,Skills,2023-04-23,PartnerReferral,,,4.15,hours,f,Summer of Safety,Community outreach support,
212,13,Monetary,2023-11-03,Campaign,PHP,1395.79,1395.79,pesos,f,GivingTuesday,Recurring gift,
213,22,InKind,2025-01-08,Campaign,,,413.32,items,f,,Monthly contribution,
214,54,Skills,2025-01-04,Campaign,,,5.98,hours,t,,Campaign support,
215,43,InKind,2023-08-20,Event,,,667.96,items,f,,Campaign support,
216,33,Monetary,2025-04-01,Direct,PHP,633.01,633.01,pesos,f,,Recurring gift,
217,20,Monetary,2024-11-11,Event,PHP,1179.47,1179.47,pesos,t,Year-End Hope,In support of safehouse operations,
218,1,Monetary,2024-12-11,Event,PHP,376.97,376.97,pesos,t,Year-End Hope,Community outreach support,
219,6,Monetary,2025-02-15,Event,PHP,409.44,409.44,pesos,f,,Community outreach support,
220,12,Monetary,2025-08-24,SocialMedia,PHP,836.04,836.04,pesos,f,,Recurring gift,140
221,56,InKind,2023-03-29,Event,,,300.00,items,f,,In support of safehouse operations,
222,47,InKind,2024-06-30,SocialMedia,,,482.86,items,f,Back to School,Campaign support,139
223,20,InKind,2023-08-11,Direct,,,800.07,items,t,,Recurring gift,
224,56,Monetary,2025-11-12,Direct,PHP,593.89,593.89,pesos,f,Year-End Hope,Recurring gift,
225,42,Monetary,2024-10-24,Campaign,PHP,650.10,650.10,pesos,f,,Monthly contribution,
226,19,InKind,2025-03-10,Campaign,,,302.29,items,f,,Monthly contribution,
227,3,Monetary,2024-11-18,PartnerReferral,PHP,1053.82,1053.82,pesos,t,,Community outreach support,
228,54,Monetary,2023-04-17,Event,PHP,721.33,721.33,pesos,t,Summer of Safety,Campaign support,
229,11,Monetary,2025-08-21,PartnerReferral,PHP,1170.78,1170.78,pesos,f,,Community outreach support,
230,18,Monetary,2026-01-20,Campaign,PHP,2148.74,2148.74,pesos,f,,Event donation,
231,10,Monetary,2024-12-28,Event,PHP,2103.84,2103.84,pesos,f,,In support of safehouse operations,
232,20,Monetary,2025-05-11,SocialMedia,PHP,1959.16,1959.16,pesos,t,Summer of Safety,Recurring gift,221
233,31,Time,2024-08-28,Direct,,,5.80,hours,t,,Recurring gift,
234,25,Monetary,2023-10-07,Direct,PHP,2104.72,2104.72,pesos,t,,Recurring gift,
235,54,Monetary,2023-08-01,Campaign,PHP,1547.99,1547.99,pesos,t,,Event donation,
236,56,InKind,2026-01-05,Direct,,,388.04,items,f,,Campaign support,
237,4,Monetary,2025-11-24,Event,PHP,2667.25,2667.25,pesos,t,Year-End Hope,Community outreach support,
238,47,Monetary,2025-08-19,Campaign,PHP,4213.58,4213.58,pesos,f,,In support of safehouse operations,
239,4,Monetary,2025-11-23,Direct,PHP,250.00,250.00,pesos,t,Year-End Hope,Monthly contribution,
240,35,Monetary,2024-11-11,Event,PHP,1650.13,1650.13,pesos,f,Year-End Hope,Event donation,
241,35,InKind,2025-12-21,Campaign,,,300.00,items,f,,Campaign support,
242,54,Monetary,2024-09-10,Direct,PHP,419.25,419.25,pesos,t,,Recurring gift,
243,8,Monetary,2025-09-10,SocialMedia,PHP,489.55,489.55,pesos,t,,Community outreach support,508
244,54,InKind,2023-08-05,SocialMedia,,,935.56,items,t,,Campaign support,582
245,40,Monetary,2025-02-06,Event,PHP,1633.61,1633.61,pesos,f,,Event donation,
246,27,Monetary,2024-08-03,Campaign,PHP,2447.64,2447.64,pesos,f,,Monthly contribution,
247,17,InKind,2023-05-23,Direct,,,567.97,items,f,Summer of Safety,Event donation,
248,3,InKind,2025-05-26,Event,,,756.80,items,t,Summer of Safety,Event donation,
249,9,InKind,2025-07-18,Campaign,,,808.80,items,f,,Event donation,
250,1,Monetary,2026-02-19,Campaign,PHP,689.85,689.85,pesos,t,,Community outreach support,
251,35,Monetary,2023-12-20,Event,PHP,2028.90,2028.90,pesos,f,,Recurring gift,
252,27,SocialMedia,2025-08-11,SocialMedia,,,7.39,campaigns,f,,In support of safehouse operations,494
253,21,Time,2023-06-13,Event,,,29.54,hours,f,,Community outreach support,
254,26,Monetary,2023-12-06,Campaign,PHP,838.21,838.21,pesos,t,Year-End Hope,Event donation,
255,31,Monetary,2024-09-03,SocialMedia,PHP,1295.61,1295.61,pesos,t,,In support of safehouse operations,587
256,30,Monetary,2024-11-13,Campaign,PHP,1504.94,1504.94,pesos,f,Year-End Hope,Campaign support,
257,3,InKind,2025-03-31,Campaign,,,671.26,items,t,,Campaign support,
258,35,Monetary,2025-08-28,Direct,PHP,626.97,626.97,pesos,f,,Community outreach support,
259,4,InKind,2024-09-10,Campaign,,,380.15,items,t,,In support of safehouse operations,
260,4,Monetary,2024-04-11,Campaign,PHP,1017.09,1017.09,pesos,t,Summer of Safety,Campaign support,
261,27,Skills,2023-01-16,Campaign,,,5.45,hours,f,,In support of safehouse operations,
262,12,Monetary,2023-04-26,Direct,PHP,683.54,683.54,pesos,f,,Event donation,
263,57,InKind,2025-12-06,Campaign,,,537.37,items,f,Year-End Hope,Recurring gift,
264,34,InKind,2024-02-28,PartnerReferral,,,300.00,items,t,,Community outreach support,
265,32,InKind,2025-08-10,Event,,,344.86,items,f,,Monthly contribution,
266,60,Monetary,2023-07-27,PartnerReferral,PHP,374.10,374.10,pesos,t,Back to School,Event donation,
267,20,Monetary,2023-02-22,Campaign,PHP,694.07,694.07,pesos,t,,Campaign support,
268,29,InKind,2023-11-06,Event,,,300.00,items,f,Year-End Hope,Event donation,
269,33,Monetary,2024-11-15,SocialMedia,PHP,314.15,314.15,pesos,f,Year-End Hope,Monthly contribution,652
270,31,InKind,2023-04-14,Event,,,603.87,items,t,,Community outreach support,
271,12,Monetary,2023-07-16,Campaign,PHP,1374.79,1374.79,pesos,f,Back to School,Community outreach support,
272,36,Monetary,2024-06-15,Direct,PHP,427.10,427.10,pesos,f,Back to School,Recurring gift,
273,54,InKind,2024-05-30,Campaign,,,547.24,items,t,Summer of Safety,Campaign support,
274,29,Monetary,2023-09-03,Event,PHP,1000.50,1000.50,pesos,f,,In support of safehouse operations,
275,25,InKind,2025-03-13,Campaign,,,463.82,items,t,,Recurring gift,
276,9,Monetary,2026-02-03,Direct,PHP,707.04,707.04,pesos,f,,Recurring gift,
277,51,Monetary,2023-10-03,Campaign,PHP,343.60,343.60,pesos,f,,Campaign support,
278,25,Monetary,2024-04-24,Direct,PHP,655.63,655.63,pesos,t,,Event donation,
279,6,Monetary,2024-12-05,Campaign,PHP,415.11,415.11,pesos,f,Year-End Hope,Recurring gift,
280,48,Monetary,2025-11-20,Direct,PHP,583.05,583.05,pesos,t,Year-End Hope,Campaign support,
281,42,Time,2025-11-03,Direct,,,2.62,hours,f,GivingTuesday,Event donation,
282,54,Time,2024-04-28,Direct,,,7.53,hours,t,,Campaign support,
283,54,Monetary,2023-07-02,SocialMedia,PHP,330.63,330.63,pesos,t,Back to School,Campaign support,13
284,31,Skills,2026-02-11,Direct,,,19.40,hours,t,,Monthly contribution,
285,29,InKind,2025-07-17,SocialMedia,,,564.36,items,f,Back to School,Monthly contribution,448
286,9,Monetary,2023-12-29,Direct,PHP,2496.61,2496.61,pesos,f,Year-End Hope,In support of safehouse operations,
287,12,InKind,2024-02-15,SocialMedia,,,736.22,items,f,,Campaign support,383
288,31,Monetary,2025-08-31,Event,PHP,574.32,574.32,pesos,t,,Community outreach support,
289,34,Skills,2024-04-16,Campaign,,,8.27,hours,t,Summer of Safety,Monthly contribution,
290,9,SocialMedia,2023-03-18,SocialMedia,,,11.61,campaigns,f,,Community outreach support,159
291,20,Monetary,2025-04-08,PartnerReferral,PHP,386.00,386.00,pesos,t,Summer of Safety,Community outreach support,
292,35,InKind,2023-06-12,Direct,,,315.92,items,f,Back to School,Event donation,
293,2,InKind,2025-05-08,SocialMedia,,,372.94,items,f,,Recurring gift,221
294,51,Time,2025-12-14,Campaign,,,20.96,hours,f,Year-End Hope,Event donation,
295,1,Monetary,2023-07-01,Event,PHP,663.94,663.94,pesos,t,,Community outreach support,
296,33,Monetary,2024-07-10,SocialMedia,PHP,573.60,573.60,pesos,f,Back to School,In support of safehouse operations,561
297,51,Monetary,2026-02-02,SocialMedia,PHP,320.08,320.08,pesos,f,,Campaign support,528
298,49,InKind,2026-01-22,Direct,,,659.78,items,f,,Campaign support,
299,59,InKind,2025-10-02,PartnerReferral,,,300.00,items,f,,In support of safehouse operations,
300,53,Monetary,2023-12-17,Event,PHP,2263.85,2263.85,pesos,f,Year-End Hope,Recurring gift,
301,1,Time,2025-12-30,Event,,,2.20,hours,t,Year-End Hope,Community outreach support,
302,6,Monetary,2025-11-23,SocialMedia,PHP,1151.33,1151.33,pesos,f,Year-End Hope,In support of safehouse operations,200
303,8,Monetary,2024-07-14,Event,PHP,1752.44,1752.44,pesos,t,Back to School,Campaign support,
304,47,InKind,2025-10-03,Event,,,300.00,items,f,,Recurring gift,
305,24,Skills,2025-03-12,Direct,,,20.46,hours,t,,Recurring gift,
306,16,InKind,2023-09-18,PartnerReferral,,,350.19,items,f,,Monthly contribution,
307,48,Monetary,2024-06-30,Direct,PHP,454.01,454.01,pesos,t,Back to School,Community outreach support,
308,13,InKind,2026-01-01,Direct,,,300.00,items,f,,Monthly contribution,
309,44,InKind,2023-11-19,Direct,,,300.00,items,t,Year-End Hope,Event donation,
310,45,SocialMedia,2023-07-06,SocialMedia,,,5.72,campaigns,t,,Campaign support,480
311,31,Monetary,2025-09-23,Campaign,PHP,329.09,329.09,pesos,t,,Monthly contribution,
312,7,InKind,2024-11-29,Campaign,,,300.00,items,t,,Monthly contribution,
313,20,InKind,2023-12-16,Direct,,,308.93,items,t,Year-End Hope,Campaign support,
314,31,Monetary,2025-12-03,PartnerReferral,PHP,512.03,512.03,pesos,t,Year-End Hope,In support of safehouse operations,
315,22,InKind,2025-10-18,Campaign,,,1082.01,items,f,,Community outreach support,
316,26,Time,2024-07-22,SocialMedia,,,22.26,hours,t,Back to School,Campaign support,174
317,39,Time,2024-10-13,SocialMedia,,,25.93,hours,f,,Community outreach support,211
318,24,Monetary,2025-06-16,PartnerReferral,PHP,310.50,310.50,pesos,t,,Recurring gift,
319,27,Monetary,2026-02-18,Campaign,PHP,393.31,393.31,pesos,f,,Campaign support,
320,54,InKind,2023-04-03,Event,,,506.71,items,t,Summer of Safety,Campaign support,
321,33,Monetary,2024-10-25,Direct,PHP,690.98,690.98,pesos,f,,Community outreach support,
322,18,InKind,2025-07-17,Campaign,,,516.29,items,f,Back to School,Event donation,
323,60,Monetary,2024-04-08,Event,PHP,416.00,416.00,pesos,t,Summer of Safety,Monthly contribution,
324,4,Monetary,2023-11-07,SocialMedia,PHP,825.99,825.99,pesos,t,GivingTuesday,Monthly contribution,421
325,42,Time,2025-11-08,Direct,,,28.61,hours,f,Year-End Hope,Campaign support,
326,31,Monetary,2023-03-01,Event,PHP,836.51,836.51,pesos,t,,Community outreach support,
327,39,InKind,2023-07-13,Direct,,,811.72,items,f,Back to School,Campaign support,
328,25,Monetary,2024-01-27,PartnerReferral,PHP,776.19,776.19,pesos,t,,Monthly contribution,
329,26,Monetary,2024-06-22,Campaign,PHP,770.34,770.34,pesos,t,,Campaign support,
330,47,Monetary,2024-03-17,Campaign,PHP,716.84,716.84,pesos,f,,In support of safehouse operations,
331,31,InKind,2023-10-03,Event,,,531.11,items,t,,Event donation,
332,17,Time,2025-03-15,Direct,,,12.85,hours,f,,Recurring gift,
333,54,Monetary,2023-05-29,PartnerReferral,PHP,789.30,789.30,pesos,t,Summer of Safety,Campaign support,
334,60,Monetary,2023-04-12,Event,PHP,905.01,905.01,pesos,t,,In support of safehouse operations,
335,31,Monetary,2023-03-20,SocialMedia,PHP,571.69,571.69,pesos,t,,Campaign support,511
336,6,Monetary,2023-05-05,SocialMedia,PHP,395.88,395.88,pesos,f,Summer of Safety,Recurring gift,530
337,38,InKind,2024-09-17,Direct,,,471.54,items,t,,Recurring gift,
338,10,Monetary,2025-02-07,PartnerReferral,PHP,250.00,250.00,pesos,f,,Campaign support,
339,14,Time,2023-12-25,PartnerReferral,,,27.12,hours,f,Year-End Hope,Event donation,
340,41,Time,2025-01-23,PartnerReferral,,,9.31,hours,f,,Event donation,
341,8,Monetary,2023-03-22,SocialMedia,PHP,1420.95,1420.95,pesos,t,,In support of safehouse operations,431
342,3,InKind,2024-10-08,Campaign,,,993.12,items,t,,Monthly contribution,
343,18,Monetary,2023-05-08,SocialMedia,PHP,413.20,413.20,pesos,f,Summer of Safety,Monthly contribution,244
344,4,Monetary,2025-08-12,Direct,PHP,741.25,741.25,pesos,t,,Monthly contribution,
345,7,Monetary,2025-11-24,Direct,PHP,1940.26,1940.26,pesos,t,GivingTuesday,Recurring gift,
346,9,Monetary,2024-09-27,PartnerReferral,PHP,1604.35,1604.35,pesos,f,,Recurring gift,
347,46,Time,2025-07-05,SocialMedia,,,13.89,hours,f,,Monthly contribution,223
348,49,InKind,2025-07-14,Campaign,,,988.59,items,f,,Community outreach support,
349,48,InKind,2024-12-02,Campaign,,,452.59,items,t,Year-End Hope,Monthly contribution,
350,27,Monetary,2023-12-22,SocialMedia,PHP,1215.82,1215.82,pesos,f,Year-End Hope,Campaign support,61
351,38,Monetary,2024-11-14,Campaign,PHP,1011.86,1011.86,pesos,t,Year-End Hope,Recurring gift,
352,45,Monetary,2023-04-09,PartnerReferral,PHP,392.09,392.09,pesos,t,Summer of Safety,Community outreach support,
353,1,Monetary,2023-12-20,Direct,PHP,2628.14,2628.14,pesos,t,,Community outreach support,
354,18,SocialMedia,2025-04-20,PartnerReferral,,,11.56,campaigns,f,Summer of Safety,Event donation,
355,26,Skills,2025-11-20,SocialMedia,,,10.67,hours,t,GivingTuesday,In support of safehouse operations,200
356,38,InKind,2023-01-10,Campaign,,,612.89,items,t,,Community outreach support,
357,3,Monetary,2025-06-25,PartnerReferral,PHP,2133.99,2133.99,pesos,t,Back to School,Recurring gift,
358,52,Monetary,2023-06-02,Campaign,PHP,803.96,803.96,pesos,t,Back to School,In support of safehouse operations,
359,20,Monetary,2025-04-26,Event,PHP,1014.67,1014.67,pesos,t,,In support of safehouse operations,
360,7,Skills,2023-01-27,Campaign,,,9.67,hours,t,,Monthly contribution,
361,59,Monetary,2023-03-08,SocialMedia,PHP,695.60,695.60,pesos,f,,Monthly contribution,482
362,3,Monetary,2024-12-08,Event,PHP,585.24,585.24,pesos,t,Year-End Hope,Recurring gift,
363,52,Monetary,2024-09-17,Campaign,PHP,1812.47,1812.47,pesos,t,,In support of safehouse operations,
364,46,Monetary,2025-09-02,SocialMedia,PHP,762.84,762.84,pesos,f,,In support of safehouse operations,216
365,52,SocialMedia,2023-05-18,Direct,,,11.16,campaigns,t,,In support of safehouse operations,
366,2,Monetary,2023-08-07,Event,PHP,915.05,915.05,pesos,f,,In support of safehouse operations,
367,41,InKind,2023-06-08,Campaign,,,300.82,items,f,Back to School,Recurring gift,
368,20,Monetary,2023-03-30,Campaign,PHP,536.82,536.82,pesos,t,,Event donation,
369,34,Monetary,2024-02-07,Campaign,PHP,1076.59,1076.59,pesos,t,,Community outreach support,
370,55,Monetary,2025-06-16,Direct,PHP,2499.74,2499.74,pesos,f,Back to School,Recurring gift,
371,8,Monetary,2025-12-22,Direct,PHP,2310.53,2310.53,pesos,t,,Recurring gift,
372,54,Monetary,2024-06-22,Campaign,PHP,250.00,250.00,pesos,t,,Recurring gift,
373,58,SocialMedia,2023-11-02,Event,,,4.01,campaigns,f,GivingTuesday,Community outreach support,
374,2,Monetary,2023-03-08,Direct,PHP,2565.03,2565.03,pesos,f,,Campaign support,
375,43,Monetary,2024-01-02,Campaign,PHP,250.00,250.00,pesos,f,,Monthly contribution,
376,13,Monetary,2025-04-07,Event,PHP,724.07,724.07,pesos,f,,Campaign support,
377,3,Skills,2024-08-28,Event,,,15.53,hours,t,,Monthly contribution,
378,26,Monetary,2024-06-08,SocialMedia,PHP,1136.62,1136.62,pesos,t,,Event donation,572
379,3,Monetary,2023-02-22,Campaign,PHP,250.00,250.00,pesos,t,,Monthly contribution,
380,5,Monetary,2024-12-13,Campaign,PHP,1399.62,1399.62,pesos,f,Year-End Hope,Community outreach support,
381,8,Monetary,2023-07-14,Event,PHP,538.65,538.65,pesos,t,Back to School,Event donation,
382,42,Monetary,2024-11-25,Campaign,PHP,748.26,748.26,pesos,f,Year-End Hope,Campaign support,
383,50,Monetary,2025-07-08,Campaign,PHP,1510.60,1510.60,pesos,f,,Event donation,
384,29,Monetary,2025-10-08,SocialMedia,PHP,1878.65,1878.65,pesos,f,,Event donation,583
385,25,InKind,2023-06-02,Direct,,,519.42,items,t,,Community outreach support,
386,22,InKind,2026-02-11,SocialMedia,,,642.58,items,f,,Event donation,93
387,52,Monetary,2024-08-04,PartnerReferral,PHP,541.33,541.33,pesos,t,,Monthly contribution,
388,41,InKind,2023-10-15,Event,,,511.42,items,f,,Recurring gift,
389,20,InKind,2023-11-05,Campaign,,,300.00,items,t,GivingTuesday,Community outreach support,
390,7,Monetary,2025-02-04,Event,PHP,361.97,361.97,pesos,t,,In support of safehouse operations,
391,35,SocialMedia,2025-03-19,SocialMedia,,,2.50,campaigns,f,,Monthly contribution,374
392,34,Time,2023-10-31,PartnerReferral,,,39.40,hours,t,,Campaign support,
393,10,InKind,2023-12-13,Event,,,300.00,items,f,Year-End Hope,Event donation,
394,32,Monetary,2025-11-18,Campaign,PHP,1162.17,1162.17,pesos,f,,Event donation,
395,22,Monetary,2025-10-27,SocialMedia,PHP,1078.99,1078.99,pesos,f,,Monthly contribution,83
396,33,Time,2023-07-25,Direct,,,39.15,hours,f,Back to School,Community outreach support,
397,27,InKind,2023-10-11,Event,,,583.43,items,f,,Community outreach support,
398,31,Monetary,2024-04-30,Event,PHP,280.87,280.87,pesos,t,Summer of Safety,Monthly contribution,
399,3,Monetary,2024-09-23,Campaign,PHP,972.26,972.26,pesos,t,,Monthly contribution,
400,26,Monetary,2026-01-20,Campaign,PHP,379.25,379.25,pesos,t,,In support of safehouse operations,
401,46,SocialMedia,2024-08-26,PartnerReferral,,,3.63,campaigns,f,,Monthly contribution,
402,35,InKind,2023-12-19,SocialMedia,,,382.94,items,f,Year-End Hope,Monthly contribution,627
403,31,Monetary,2025-07-04,Event,PHP,291.03,291.03,pesos,t,Back to School,Recurring gift,
404,60,Monetary,2025-05-29,Campaign,PHP,835.01,835.01,pesos,t,Summer of Safety,Recurring gift,
405,24,SocialMedia,2023-08-15,Event,,,7.09,campaigns,t,,Campaign support,
406,21,Time,2024-11-06,PartnerReferral,,,20.59,hours,f,GivingTuesday,Event donation,
407,58,Monetary,2024-01-17,Campaign,PHP,250.00,250.00,pesos,f,,Monthly contribution,
408,57,Monetary,2023-12-05,Campaign,PHP,1194.06,1194.06,pesos,f,,Campaign support,
409,43,Monetary,2025-01-12,SocialMedia,PHP,697.94,697.94,pesos,f,,Monthly contribution,709
410,54,InKind,2023-08-18,Campaign,,,478.06,items,t,,Campaign support,
411,49,SocialMedia,2023-12-01,PartnerReferral,,,4.61,campaigns,f,Year-End Hope,Campaign support,
412,38,Time,2026-01-12,Event,,,32.89,hours,t,,Monthly contribution,
413,45,Monetary,2025-11-27,Direct,PHP,469.23,469.23,pesos,t,Year-End Hope,In support of safehouse operations,
414,4,InKind,2024-10-14,SocialMedia,,,420.23,items,t,,Community outreach support,211
415,26,SocialMedia,2026-01-13,Campaign,,,10.80,campaigns,t,,Recurring gift,
416,20,Monetary,2023-02-03,Campaign,PHP,1121.08,1121.08,pesos,t,,Campaign support,
417,19,Monetary,2023-01-13,Direct,PHP,349.66,349.66,pesos,f,,Event donation,
418,54,Monetary,2025-03-08,Campaign,PHP,1924.57,1924.57,pesos,t,,Campaign support,
419,45,InKind,2024-10-29,Campaign,,,677.83,items,t,,Recurring gift,
420,49,InKind,2025-12-09,Event,,,300.00,items,f,Year-End Hope,Monthly contribution,
421,,Monetary,2025-11-03,Website,USD,75.00,,,f,Year-End Giving,Test donor for deletion practice,
424,72,Monetary,2026-04-09,Online,USD,7.00,,,f,,Online donation: one-time,
425,72,Monetary,2026-04-09,Online,USD,500.00,,,f,,Online donation: one-time,
426,2,Monetary,2026-02-12,Event,PHP,2140.53,,,f,,,
427,3,Monetary,2026-01-15,Direct,PHP,1221.89,,,f,,,
428,4,Monetary,2025-11-02,SocialMedia,USD,1772.80,,,f,,,
429,5,Monetary,2025-10-08,Online,PHP,1438.85,,,f,,,
430,6,Monetary,2025-10-10,Campaign,PHP,1523.84,,,f,,,
431,7,Monetary,2025-12-24,Event,PHP,1758.38,,,f,,,
432,8,Monetary,2025-08-23,Direct,PHP,1370.59,,,f,,,
433,9,Monetary,2025-11-23,SocialMedia,USD,2913.58,,,f,,,
434,10,Monetary,2025-08-25,Online,PHP,2987.09,,,t,,,
435,11,Monetary,2025-10-25,Campaign,PHP,2378.43,,,t,,,
436,12,Monetary,2025-11-18,Event,PHP,2568.51,,,f,,,
437,13,Monetary,2026-01-14,Direct,PHP,2269.40,,,f,,,
438,14,Monetary,2026-01-22,SocialMedia,USD,2079.83,,,f,,,
439,15,Monetary,2026-02-04,Online,PHP,1911.28,,,f,,,
440,16,Monetary,2025-10-02,Campaign,PHP,1387.70,,,f,,,
441,17,Monetary,2025-11-16,Event,PHP,2055.84,,,f,,,
442,18,Monetary,2026-01-18,Direct,PHP,2088.15,,,t,,,
443,19,Monetary,2025-09-23,SocialMedia,USD,2086.09,,,t,,,
444,20,Monetary,2026-01-01,Online,PHP,1005.80,,,f,,,
445,21,Monetary,2025-12-29,Campaign,PHP,2693.14,,,f,,,
446,22,Monetary,2025-12-22,Event,PHP,1750.65,,,t,,,
447,23,Monetary,2026-02-03,Direct,PHP,1758.44,,,t,,,
448,24,Monetary,2026-02-07,SocialMedia,USD,2791.80,,,f,,,
449,73,Monetary,2026-02-16,Online,USD,250.00,,,f,,Online donation: one-time,
450,74,Monetary,2026-02-16,Online,USD,500.00,,,f,,Online donation: one-time,
451,75,Monetary,2026-02-16,Online,USD,1500.00,,,f,,Online donation: one-time,
423,,Monetary,2026-04-09,Online,USD,500.00,,,f,,Online donation: one-time,
422,,Monetary,2026-04-09,Online,USD,1.00,,,f,,Online donation: one-time,
454,,Monetary,2026-02-16,Online,USD,1500.00,,,f,,Online donation: one-time,
452,,Monetary,2026-02-16,Online,USD,250.00,,,f,,Online donation: one-time,
453,,Monetary,2026-02-16,Online,USD,500.00,,,t,,Online donation: recurring (monthly),
455,,Monetary,2026-02-16,Online,USD,500.00,,,f,,Online donation: one-time,
456,76,Monetary,2026-02-16,Online,USD,250.00,,,f,,Online donation: one-time,
457,,Monetary,2026-02-16,Online,USD,250.00,,,f,,Online donation: one-time,
458,77,Monetary,2026-02-16,Online,USD,500.00,,,f,,Online donation: one-time,
459,1,Monetary,2026-02-16,Online,USD,500.00,,,f,,Online donation: one-time,
