plan_id,resident_id,plan_category,plan_description,services_provided,target_value,target_date,status,case_conference_date,created_at,updated_at
1,1,Safety,Maintain a stable and safe environment,"Healing, Legal Services, Teaching",4.2,2024-02-01,On Hold,2023-11-01,2023-10-01 00:00:00+00,2024-03-01 00:00:00+00
2,1,Education,Improve participation and course completion,"Caring, Legal Services, Healing",0.85,2024-02-01,In Progress,2024-01-30,2023-10-01 00:00:00+00,2024-03-01 00:00:00+00
3,1,Physical Health,Improve nutrition and overall wellbeing,"Teaching, Healing, Caring",4.2,2024-02-01,On Hold,2023-10-24,2023-10-01 00:00:00+00,2024-03-01 00:00:00+00
4,2,Safety,Maintain a stable and safe environment,Legal Services,4.2,2023-11-01,On Hold,2023-11-02,2023-03-01 00:00:00+00,2023-12-01 00:00:00+00
6,2,Physical Health,Improve nutrition and overall wellbeing,"Legal Services, Caring, Teaching",4.2,2023-11-01,Achieved,2023-04-21,2023-03-01 00:00:00+00,2023-12-01 00:00:00+00
8,3,Education,Improve participation and course completion,"Caring, Teaching, Legal Services",0.85,2025-02-01,On Hold,2024-12-17,2024-05-01 00:00:00+00,2025-03-01 00:00:00+00
11,4,Education,Improve participation and course completion,Teaching,0.85,2025-06-01,In Progress,2025-05-21,2024-09-01 00:00:00+00,2025-07-01 00:00:00+00
12,4,Physical Health,Improve nutrition and overall wellbeing,"Teaching, Legal Services",4.2,2025-06-01,In Progress,2025-05-06,2024-09-01 00:00:00+00,2025-07-01 00:00:00+00
13,5,Safety,Maintain a stable and safe environment,"Healing, Teaching, Legal Services",4.2,2024-08-01,In Progress,2024-08-10,2024-01-01 00:00:00+00,2024-09-01 00:00:00+00
14,5,Education,Improve participation and course completion,"Healing, Caring, Teaching",0.85,2024-08-01,In Progress,,2024-01-01 00:00:00+00,2024-09-01 00:00:00+00
15,5,Physical Health,Improve nutrition and overall wellbeing,"Teaching, Healing, Caring",4.2,2024-08-01,Achieved,2024-07-06,2024-01-01 00:00:00+00,2024-09-01 00:00:00+00
16,6,Safety,Maintain a stable and safe environment,"Caring, Legal Services, Healing",4.2,2024-05-01,On Hold,2023-08-16,2023-08-01 00:00:00+00,2024-06-01 00:00:00+00
17,6,Education,Improve participation and course completion,"Legal Services, Healing",0.85,2024-05-01,In Progress,,2023-08-01 00:00:00+00,2024-06-01 00:00:00+00
19,7,Safety,Maintain a stable and safe environment,"Caring, Healing, Legal Services",4.2,2025-01-01,In Progress,2024-12-20,2024-06-01 00:00:00+00,2025-02-01 00:00:00+00
20,7,Education,Improve participation and course completion,"Legal Services, Healing",0.85,2025-01-01,In Progress,2024-08-02,2024-06-01 00:00:00+00,2025-02-01 00:00:00+00
22,8,Safety,Maintain a stable and safe environment,"Healing, Teaching",4.2,2024-06-01,Achieved,,2024-02-01 00:00:00+00,2024-07-01 00:00:00+00
25,9,Safety,Maintain a stable and safe environment,"Caring, Healing, Legal Services",4.2,2025-11-01,Open,2025-07-17,2025-04-01 00:00:00+00,2025-12-01 00:00:00+00
26,9,Education,Improve participation and course completion,Teaching,0.85,2025-11-01,In Progress,2025-05-11,2025-04-01 00:00:00+00,2025-12-01 00:00:00+00
27,9,Physical Health,Improve nutrition and overall wellbeing,"Healing, Teaching, Caring",4.2,2025-11-01,Open,,2025-04-01 00:00:00+00,2025-12-01 00:00:00+00
28,10,Safety,Maintain a stable and safe environment,Caring,4.2,2024-04-01,In Progress,2023-12-22,2023-10-01 00:00:00+00,2024-05-01 00:00:00+00
29,10,Education,Improve participation and course completion,"Teaching, Healing",0.85,2024-04-01,Achieved,2023-10-25,2023-10-01 00:00:00+00,2024-05-01 00:00:00+00
30,10,Physical Health,Improve nutrition and overall wellbeing,"Teaching, Caring, Legal Services",4.2,2024-04-01,Open,2024-04-17,2023-10-01 00:00:00+00,2024-05-01 00:00:00+00
31,11,Safety,Maintain a stable and safe environment,"Caring, Teaching",4.2,2023-11-01,On Hold,2023-05-24,2023-04-01 00:00:00+00,2023-12-01 00:00:00+00
32,11,Education,Improve participation and course completion,"Caring, Teaching",0.85,2023-11-01,On Hold,2023-06-16,2023-04-01 00:00:00+00,2023-12-01 00:00:00+00
33,11,Physical Health,Improve nutrition and overall wellbeing,"Teaching, Caring",4.2,2023-11-01,In Progress,2023-08-10,2023-04-01 00:00:00+00,2023-12-01 00:00:00+00
34,12,Safety,Maintain a stable and safe environment,"Healing, Teaching, Caring",4.2,2025-04-01,In Progress,2024-12-31,2024-06-01 00:00:00+00,2025-05-01 00:00:00+00
35,12,Education,Improve participation and course completion,Healing,0.85,2025-04-01,Achieved,2024-11-16,2024-06-01 00:00:00+00,2025-05-01 00:00:00+00
36,12,Physical Health,Improve nutrition and overall wellbeing,Teaching,4.2,2025-04-01,Achieved,2024-12-19,2024-06-01 00:00:00+00,2025-05-01 00:00:00+00
37,13,Safety,Maintain a stable and safe environment,"Healing, Legal Services, Teaching",4.2,2023-06-01,In Progress,,2023-02-01 00:00:00+00,2023-07-01 00:00:00+00
38,13,Education,Improve participation and course completion,"Healing, Teaching, Legal Services",0.85,2023-06-01,In Progress,2023-04-25,2023-02-01 00:00:00+00,2023-07-01 00:00:00+00
39,13,Physical Health,Improve nutrition and overall wellbeing,"Healing, Legal Services, Teaching",4.2,2023-06-01,Open,,2023-02-01 00:00:00+00,2023-07-01 00:00:00+00
40,14,Safety,Maintain a stable and safe environment,"Teaching, Caring",4.2,2025-07-01,In Progress,2025-01-05,2025-01-01 00:00:00+00,2025-08-01 00:00:00+00
41,14,Education,Improve participation and course completion,"Healing, Teaching, Caring",0.85,2025-07-01,Achieved,2025-01-03,2025-01-01 00:00:00+00,2025-08-01 00:00:00+00
42,14,Physical Health,Improve nutrition and overall wellbeing,"Healing, Legal Services, Teaching",4.2,2025-07-01,Achieved,2025-07-21,2025-01-01 00:00:00+00,2025-08-01 00:00:00+00
43,15,Safety,Maintain a stable and safe environment,"Teaching, Healing",4.2,2025-08-01,In Progress,2025-04-10,2024-10-01 00:00:00+00,2025-09-01 00:00:00+00
44,15,Education,Improve participation and course completion,"Legal Services, Teaching, Healing",0.85,2025-08-01,In Progress,2025-08-23,2024-10-01 00:00:00+00,2025-09-01 00:00:00+00
45,15,Physical Health,Improve nutrition and overall wellbeing,"Caring, Legal Services, Teaching",4.2,2025-08-01,On Hold,2025-01-29,2024-10-01 00:00:00+00,2025-09-01 00:00:00+00
46,16,Safety,Maintain a stable and safe environment,"Legal Services, Teaching",4.2,2023-10-01,Achieved,2023-09-07,2023-06-01 00:00:00+00,2023-11-01 00:00:00+00
47,16,Education,Improve participation and course completion,"Healing, Caring",0.85,2023-10-01,In Progress,,2023-06-01 00:00:00+00,2023-11-01 00:00:00+00
48,16,Physical Health,Improve nutrition and overall wellbeing,"Caring, Teaching",4.2,2023-10-01,Achieved,2023-09-25,2023-06-01 00:00:00+00,2023-11-01 00:00:00+00
49,17,Safety,Maintain a stable and safe environment,"Legal Services, Healing, Caring",4.2,2025-08-01,On Hold,2025-02-26,2025-01-01 00:00:00+00,2025-09-01 00:00:00+00
50,17,Education,Improve participation and course completion,"Legal Services, Caring",0.85,2025-08-01,Achieved,2025-06-20,2025-01-01 00:00:00+00,2025-09-01 00:00:00+00
51,17,Physical Health,Improve nutrition and overall wellbeing,"Caring, Teaching, Healing",4.2,2025-08-01,In Progress,,2025-01-01 00:00:00+00,2025-09-01 00:00:00+00
52,18,Safety,Maintain a stable and safe environment,"Legal Services, Caring",4.2,2024-06-01,Open,2024-01-09,2023-12-01 00:00:00+00,2024-07-01 00:00:00+00
53,18,Education,Improve participation and course completion,"Caring, Healing",0.85,2024-06-01,Open,,2023-12-01 00:00:00+00,2024-07-01 00:00:00+00
54,18,Physical Health,Improve nutrition and overall wellbeing,"Healing, Legal Services",4.2,2024-06-01,In Progress,2024-03-19,2023-12-01 00:00:00+00,2024-07-01 00:00:00+00
55,19,Safety,Maintain a stable and safe environment,Caring,4.2,2024-05-01,In Progress,2024-05-19,2024-01-01 00:00:00+00,2024-06-01 00:00:00+00
56,19,Education,Improve participation and course completion,Caring,0.85,2024-05-01,On Hold,2024-03-16,2024-01-01 00:00:00+00,2024-06-01 00:00:00+00
57,19,Physical Health,Improve nutrition and overall wellbeing,Legal Services,4.2,2024-05-01,Open,,2024-01-01 00:00:00+00,2024-06-01 00:00:00+00
58,20,Safety,Maintain a stable and safe environment,"Caring, Teaching, Legal Services",4.2,2025-10-01,Open,,2025-03-01 00:00:00+00,2025-11-01 00:00:00+00
59,20,Education,Improve participation and course completion,"Caring, Healing",0.85,2025-10-01,Open,2025-03-21,2025-03-01 00:00:00+00,2025-11-01 00:00:00+00
60,20,Physical Health,Improve nutrition and overall wellbeing,"Caring, Teaching, Legal Services",4.2,2025-10-01,On Hold,,2025-03-01 00:00:00+00,2025-11-01 00:00:00+00
61,21,Safety,Maintain a stable and safe environment,"Caring, Legal Services, Teaching",4.2,2024-04-01,In Progress,,2023-10-01 00:00:00+00,2024-05-01 00:00:00+00
62,21,Education,Improve participation and course completion,Caring,0.85,2024-04-01,In Progress,2023-11-23,2023-10-01 00:00:00+00,2024-05-01 00:00:00+00
63,21,Physical Health,Improve nutrition and overall wellbeing,"Caring, Healing",4.2,2024-04-01,Achieved,2024-02-02,2023-10-01 00:00:00+00,2024-05-01 00:00:00+00
64,22,Safety,Maintain a stable and safe environment,Healing,4.2,2023-11-01,Open,,2023-05-01 00:00:00+00,2023-12-01 00:00:00+00
65,22,Education,Improve participation and course completion,"Teaching, Caring, Legal Services",0.85,2023-11-01,In Progress,2023-10-06,2023-05-01 00:00:00+00,2023-12-01 00:00:00+00
66,22,Physical Health,Improve nutrition and overall wellbeing,"Legal Services, Healing, Teaching",4.2,2023-11-01,Open,,2023-05-01 00:00:00+00,2023-12-01 00:00:00+00
67,23,Safety,Maintain a stable and safe environment,"Caring, Teaching",4.2,2023-11-01,In Progress,2023-09-16,2023-02-01 00:00:00+00,2023-12-01 00:00:00+00
68,23,Education,Improve participation and course completion,Teaching,0.85,2023-11-01,Closed,2023-09-23,2023-02-01 00:00:00+00,2023-12-01 00:00:00+00
69,23,Physical Health,Improve nutrition and overall wellbeing,"Caring, Legal Services",4.2,2023-11-01,In Progress,,2023-02-01 00:00:00+00,2023-12-01 00:00:00+00
70,24,Safety,Maintain a stable and safe environment,Caring,4.2,2025-04-01,Achieved,2025-03-14,2024-11-01 00:00:00+00,2025-05-01 00:00:00+00
71,24,Education,Improve participation and course completion,"Teaching, Healing",0.85,2025-04-01,Open,2025-01-02,2024-11-01 00:00:00+00,2025-05-01 00:00:00+00
72,24,Physical Health,Improve nutrition and overall wellbeing,"Healing, Legal Services",4.2,2025-04-01,In Progress,2024-11-30,2024-11-01 00:00:00+00,2025-05-01 00:00:00+00
73,25,Safety,Maintain a stable and safe environment,"Healing, Legal Services, Caring",4.2,2024-04-01,In Progress,2024-03-20,2023-06-01 00:00:00+00,2024-05-01 00:00:00+00
74,25,Education,Improve participation and course completion,Healing,0.85,2024-04-01,Achieved,2024-04-10,2023-06-01 00:00:00+00,2024-05-01 00:00:00+00
75,25,Physical Health,Improve nutrition and overall wellbeing,"Teaching, Caring, Legal Services",4.2,2024-04-01,Closed,2023-12-12,2023-06-01 00:00:00+00,2024-05-01 00:00:00+00
76,26,Safety,Maintain a stable and safe environment,"Legal Services, Teaching, Caring",4.2,2024-01-01,In Progress,2023-09-30,2023-07-01 00:00:00+00,2024-02-01 00:00:00+00
77,26,Education,Improve participation and course completion,Healing,0.85,2024-01-01,In Progress,2023-12-13,2023-07-01 00:00:00+00,2024-02-01 00:00:00+00
78,26,Physical Health,Improve nutrition and overall wellbeing,Healing,4.2,2024-01-01,On Hold,2023-10-28,2023-07-01 00:00:00+00,2024-02-01 00:00:00+00
79,27,Safety,Maintain a stable and safe environment,"Teaching, Healing, Legal Services",4.2,2025-11-01,Achieved,2025-10-26,2025-03-01 00:00:00+00,2025-12-01 00:00:00+00
80,27,Education,Improve participation and course completion,Healing,0.85,2025-11-01,Achieved,2025-08-28,2025-03-01 00:00:00+00,2025-12-01 00:00:00+00
81,27,Physical Health,Improve nutrition and overall wellbeing,"Legal Services, Healing, Caring",4.2,2025-11-01,Achieved,2025-11-07,2025-03-01 00:00:00+00,2025-12-01 00:00:00+00
82,28,Safety,Maintain a stable and safe environment,Teaching,4.2,2024-09-01,In Progress,2024-08-12,2023-11-01 00:00:00+00,2024-10-01 00:00:00+00
83,28,Education,Improve participation and course completion,"Healing, Caring, Legal Services",0.85,2024-09-01,On Hold,2024-03-04,2023-11-01 00:00:00+00,2024-10-01 00:00:00+00
84,28,Physical Health,Improve nutrition and overall wellbeing,Teaching,4.2,2024-09-01,Achieved,,2023-11-01 00:00:00+00,2024-10-01 00:00:00+00
85,29,Safety,Maintain a stable and safe environment,"Healing, Teaching",4.2,2023-07-01,Open,,2023-03-01 00:00:00+00,2023-08-01 00:00:00+00
86,29,Education,Improve participation and course completion,"Teaching, Caring, Healing",0.85,2023-07-01,On Hold,,2023-03-01 00:00:00+00,2023-08-01 00:00:00+00
87,29,Physical Health,Improve nutrition and overall wellbeing,"Caring, Teaching",4.2,2023-07-01,Open,,2023-03-01 00:00:00+00,2023-08-01 00:00:00+00
88,30,Safety,Maintain a stable and safe environment,"Caring, Teaching, Healing",4.2,2024-10-01,In Progress,,2024-01-01 00:00:00+00,2024-11-01 00:00:00+00
89,30,Education,Improve participation and course completion,Legal Services,0.85,2024-10-01,In Progress,2024-10-02,2024-01-01 00:00:00+00,2024-11-01 00:00:00+00
90,30,Physical Health,Improve nutrition and overall wellbeing,"Teaching, Healing, Caring",4.2,2024-10-01,In Progress,,2024-01-01 00:00:00+00,2024-11-01 00:00:00+00
91,31,Safety,Maintain a stable and safe environment,"Healing, Teaching, Legal Services",4.2,2024-04-01,On Hold,2024-04-29,2023-09-01 00:00:00+00,2024-05-01 00:00:00+00
92,31,Education,Improve participation and course completion,"Caring, Teaching",0.85,2024-04-01,In Progress,2023-10-15,2023-09-01 00:00:00+00,2024-05-01 00:00:00+00
93,31,Physical Health,Improve nutrition and overall wellbeing,"Healing, Teaching",4.2,2024-04-01,In Progress,,2023-09-01 00:00:00+00,2024-05-01 00:00:00+00
94,32,Safety,Maintain a stable and safe environment,"Teaching, Legal Services",4.2,2025-09-01,In Progress,,2025-02-01 00:00:00+00,2025-10-01 00:00:00+00
95,32,Education,Improve participation and course completion,"Healing, Caring, Legal Services",0.85,2025-09-01,Achieved,2025-09-22,2025-02-01 00:00:00+00,2025-10-01 00:00:00+00
96,32,Physical Health,Improve nutrition and overall wellbeing,Healing,4.2,2025-09-01,On Hold,2025-06-25,2025-02-01 00:00:00+00,2025-10-01 00:00:00+00
97,33,Safety,Maintain a stable and safe environment,"Legal Services, Healing",4.2,2025-06-01,Achieved,,2024-12-01 00:00:00+00,2025-07-01 00:00:00+00
98,33,Education,Improve participation and course completion,Caring,0.85,2025-06-01,In Progress,,2024-12-01 00:00:00+00,2025-07-01 00:00:00+00
99,33,Physical Health,Improve nutrition and overall wellbeing,"Healing, Teaching, Legal Services",4.2,2025-06-01,In Progress,,2024-12-01 00:00:00+00,2025-07-01 00:00:00+00
100,34,Safety,Maintain a stable and safe environment,"Caring, Healing, Teaching",4.2,2024-04-01,On Hold,,2023-07-01 00:00:00+00,2024-05-01 00:00:00+00
101,34,Education,Improve participation and course completion,"Healing, Legal Services, Teaching",0.85,2024-04-01,On Hold,2023-12-26,2023-07-01 00:00:00+00,2024-05-01 00:00:00+00
102,34,Physical Health,Improve nutrition and overall wellbeing,"Healing, Legal Services",4.2,2024-04-01,In Progress,2023-11-13,2023-07-01 00:00:00+00,2024-05-01 00:00:00+00
103,35,Safety,Maintain a stable and safe environment,Healing,4.2,2025-04-01,On Hold,2024-12-18,2024-08-01 00:00:00+00,2025-05-01 00:00:00+00
104,35,Education,Improve participation and course completion,"Teaching, Healing",0.85,2025-04-01,Closed,,2024-08-01 00:00:00+00,2025-05-01 00:00:00+00
105,35,Physical Health,Improve nutrition and overall wellbeing,Teaching,4.2,2025-04-01,On Hold,2024-10-15,2024-08-01 00:00:00+00,2025-05-01 00:00:00+00
106,36,Safety,Maintain a stable and safe environment,Teaching,4.2,2023-07-01,In Progress,2023-03-20,2023-03-01 00:00:00+00,2023-08-01 00:00:00+00
107,36,Education,Improve participation and course completion,"Teaching, Caring, Healing",0.85,2023-07-01,In Progress,2023-03-06,2023-03-01 00:00:00+00,2023-08-01 00:00:00+00
108,36,Physical Health,Improve nutrition and overall wellbeing,Teaching,4.2,2023-07-01,In Progress,,2023-03-01 00:00:00+00,2023-08-01 00:00:00+00
109,37,Safety,Maintain a stable and safe environment,"Healing, Teaching",4.2,2024-11-01,In Progress,,2024-01-01 00:00:00+00,2024-12-01 00:00:00+00
110,37,Education,Improve participation and course completion,"Teaching, Caring, Healing",0.85,2024-11-01,In Progress,2024-05-05,2024-01-01 00:00:00+00,2024-12-01 00:00:00+00
111,37,Physical Health,Improve nutrition and overall wellbeing,"Caring, Healing",4.2,2024-11-01,In Progress,,2024-01-01 00:00:00+00,2024-12-01 00:00:00+00
112,38,Safety,Maintain a stable and safe environment,"Teaching, Caring, Healing",4.2,2024-12-01,In Progress,2024-12-01,2024-04-01 00:00:00+00,2025-01-01 00:00:00+00
113,38,Education,Improve participation and course completion,"Caring, Teaching",0.85,2024-12-01,Open,,2024-04-01 00:00:00+00,2025-01-01 00:00:00+00
114,38,Physical Health,Improve nutrition and overall wellbeing,Healing,4.2,2024-12-01,On Hold,2024-07-20,2024-04-01 00:00:00+00,2025-01-01 00:00:00+00
115,39,Safety,Maintain a stable and safe environment,Caring,4.2,2025-07-01,Achieved,2025-05-03,2024-10-01 00:00:00+00,2025-08-01 00:00:00+00
116,39,Education,Improve participation and course completion,Teaching,0.85,2025-07-01,Achieved,2025-05-13,2024-10-01 00:00:00+00,2025-08-01 00:00:00+00
117,39,Physical Health,Improve nutrition and overall wellbeing,Legal Services,4.2,2025-07-01,On Hold,2025-07-04,2024-10-01 00:00:00+00,2025-08-01 00:00:00+00
118,40,Safety,Maintain a stable and safe environment,"Teaching, Healing, Caring",4.2,2026-01-01,In Progress,,2025-03-01 00:00:00+00,2026-02-01 00:00:00+00
119,40,Education,Improve participation and course completion,Teaching,0.85,2026-01-01,Open,2025-10-19,2025-03-01 00:00:00+00,2026-02-01 00:00:00+00
120,40,Physical Health,Improve nutrition and overall wellbeing,"Healing, Teaching",4.2,2026-01-01,Open,2025-06-02,2025-03-01 00:00:00+00,2026-02-01 00:00:00+00
121,41,Safety,Maintain a stable and safe environment,Legal Services,3.6,2024-10-01,In Progress,2024-10-26,2024-04-01 00:00:00+00,2024-11-01 00:00:00+00
122,41,Education,Improve participation and course completion,"Legal Services, Teaching",0.65,2024-10-01,In Progress,2024-07-15,2024-04-01 00:00:00+00,2024-11-01 00:00:00+00
123,41,Physical Health,Improve nutrition and overall wellbeing,"Caring, Legal Services",3.6,2024-10-01,In Progress,2024-04-13,2024-04-01 00:00:00+00,2024-11-01 00:00:00+00
124,42,Safety,Maintain a stable and safe environment,"Legal Services, Caring, Healing",4.2,2025-05-01,In Progress,2025-05-31,2024-12-01 00:00:00+00,2025-06-01 00:00:00+00
125,42,Education,Improve participation and course completion,"Healing, Caring, Legal Services",0.85,2025-05-01,In Progress,2025-03-08,2024-12-01 00:00:00+00,2025-06-01 00:00:00+00
126,42,Physical Health,Improve nutrition and overall wellbeing,"Caring, Legal Services",4.2,2025-05-01,Open,2025-04-26,2024-12-01 00:00:00+00,2025-06-01 00:00:00+00
127,43,Safety,Maintain a stable and safe environment,"Legal Services, Teaching, Caring",4.2,2024-12-01,On Hold,,2024-07-01 00:00:00+00,2025-01-01 00:00:00+00
128,43,Education,Improve participation and course completion,"Caring, Healing, Teaching",0.85,2024-12-01,In Progress,,2024-07-01 00:00:00+00,2025-01-01 00:00:00+00
129,43,Physical Health,Improve nutrition and overall wellbeing,"Caring, Healing",4.2,2024-12-01,On Hold,2024-09-03,2024-07-01 00:00:00+00,2025-01-01 00:00:00+00
130,44,Safety,Maintain a stable and safe environment,"Healing, Caring",3.6,2024-04-01,On Hold,2024-04-09,2023-09-01 00:00:00+00,2024-05-01 00:00:00+00
131,44,Education,Improve participation and course completion,"Healing, Teaching",0.65,2024-04-01,Open,2023-11-23,2023-09-01 00:00:00+00,2024-05-01 00:00:00+00
132,44,Physical Health,Improve nutrition and overall wellbeing,"Teaching, Caring, Legal Services",3.6,2024-04-01,Open,2024-04-30,2023-09-01 00:00:00+00,2024-05-01 00:00:00+00
133,45,Safety,Maintain a stable and safe environment,Teaching,4.2,2023-09-01,On Hold,2023-09-25,2023-02-01 00:00:00+00,2023-10-01 00:00:00+00
134,45,Education,Improve participation and course completion,"Teaching, Legal Services",0.85,2023-09-01,In Progress,,2023-02-01 00:00:00+00,2023-10-01 00:00:00+00
135,45,Physical Health,Improve nutrition and overall wellbeing,"Teaching, Legal Services",4.2,2023-09-01,On Hold,2023-07-02,2023-02-01 00:00:00+00,2023-10-01 00:00:00+00
136,46,Safety,Maintain a stable and safe environment,"Healing, Caring",4.2,2024-07-01,On Hold,2024-04-26,2024-01-01 00:00:00+00,2024-08-01 00:00:00+00
137,46,Education,Improve participation and course completion,"Healing, Caring",0.85,2024-07-01,In Progress,,2024-01-01 00:00:00+00,2024-08-01 00:00:00+00
138,46,Physical Health,Improve nutrition and overall wellbeing,Teaching,4.2,2024-07-01,Open,2024-07-27,2024-01-01 00:00:00+00,2024-08-01 00:00:00+00
139,47,Safety,Maintain a stable and safe environment,Caring,4.2,2024-02-01,Achieved,2023-07-25,2023-07-01 00:00:00+00,2024-03-01 00:00:00+00
140,47,Education,Improve participation and course completion,Caring,0.85,2024-02-01,Open,2023-08-21,2023-07-01 00:00:00+00,2024-03-01 00:00:00+00
141,47,Physical Health,Improve nutrition and overall wellbeing,"Healing, Teaching, Legal Services",4.2,2024-02-01,On Hold,2023-10-27,2023-07-01 00:00:00+00,2024-03-01 00:00:00+00
142,48,Safety,Maintain a stable and safe environment,Legal Services,4.2,2025-01-01,Achieved,2024-08-03,2024-08-01 00:00:00+00,2025-02-01 00:00:00+00
143,48,Education,Improve participation and course completion,"Legal Services, Caring",0.85,2025-01-01,Achieved,2024-10-28,2024-08-01 00:00:00+00,2025-02-01 00:00:00+00
144,48,Physical Health,Improve nutrition and overall wellbeing,"Healing, Teaching",4.2,2025-01-01,Open,2024-11-03,2024-08-01 00:00:00+00,2025-02-01 00:00:00+00
145,49,Safety,Maintain a stable and safe environment,"Teaching, Legal Services, Caring",4.2,2024-10-01,On Hold,2024-09-15,2024-05-01 00:00:00+00,2024-11-01 00:00:00+00
146,49,Education,Improve participation and course completion,"Legal Services, Healing",0.85,2024-10-01,On Hold,2024-09-27,2024-05-01 00:00:00+00,2024-11-01 00:00:00+00
147,49,Physical Health,Improve nutrition and overall wellbeing,Teaching,4.2,2024-10-01,In Progress,2024-08-08,2024-05-01 00:00:00+00,2024-11-01 00:00:00+00
148,50,Safety,Maintain a stable and safe environment,"Teaching, Caring",4.2,2023-11-01,In Progress,2023-10-01,2023-01-01 00:00:00+00,2023-12-01 00:00:00+00
149,50,Education,Improve participation and course completion,Legal Services,0.85,2023-11-01,In Progress,2023-01-15,2023-01-01 00:00:00+00,2023-12-01 00:00:00+00
150,50,Physical Health,Improve nutrition and overall wellbeing,"Teaching, Healing",4.2,2023-11-01,Open,2023-11-24,2023-01-01 00:00:00+00,2023-12-01 00:00:00+00
151,51,Safety,Maintain a stable and safe environment,Caring,4.2,2024-08-01,In Progress,2024-05-05,2024-04-01 00:00:00+00,2024-09-01 00:00:00+00
152,51,Education,Improve participation and course completion,"Healing, Teaching",0.85,2024-08-01,In Progress,2024-06-27,2024-04-01 00:00:00+00,2024-09-01 00:00:00+00
153,51,Physical Health,Improve nutrition and overall wellbeing,"Legal Services, Caring, Healing",4.2,2024-08-01,Achieved,2024-07-22,2024-04-01 00:00:00+00,2024-09-01 00:00:00+00
154,52,Safety,Maintain a stable and safe environment,"Caring, Legal Services, Teaching",4.2,2024-07-01,In Progress,2024-02-26,2024-02-01 00:00:00+00,2024-08-01 00:00:00+00
155,52,Education,Improve participation and course completion,"Legal Services, Caring, Teaching",0.85,2024-07-01,In Progress,2024-05-13,2024-02-01 00:00:00+00,2024-08-01 00:00:00+00
156,52,Physical Health,Improve nutrition and overall wellbeing,"Healing, Caring",4.2,2024-07-01,On Hold,2024-02-09,2024-02-01 00:00:00+00,2024-08-01 00:00:00+00
157,53,Safety,Maintain a stable and safe environment,Teaching,4.2,2024-08-01,Open,2024-08-21,2023-10-01 00:00:00+00,2024-09-01 00:00:00+00
158,53,Education,Improve participation and course completion,"Caring, Legal Services",0.85,2024-08-01,In Progress,2024-01-31,2023-10-01 00:00:00+00,2024-09-01 00:00:00+00
159,53,Physical Health,Improve nutrition and overall wellbeing,"Legal Services, Healing",4.2,2024-08-01,Open,2024-07-21,2023-10-01 00:00:00+00,2024-09-01 00:00:00+00
160,54,Safety,Maintain a stable and safe environment,"Legal Services, Teaching, Caring",4.2,2024-02-01,In Progress,2023-10-10,2023-04-01 00:00:00+00,2024-03-01 00:00:00+00
161,54,Education,Improve participation and course completion,"Caring, Teaching, Healing",0.85,2024-02-01,Open,,2023-04-01 00:00:00+00,2024-03-01 00:00:00+00
162,54,Physical Health,Improve nutrition and overall wellbeing,Healing,4.2,2024-02-01,In Progress,2023-10-07,2023-04-01 00:00:00+00,2024-03-01 00:00:00+00
163,55,Safety,Maintain a stable and safe environment,"Healing, Legal Services, Teaching",4.2,2025-09-01,On Hold,2025-04-24,2025-04-01 00:00:00+00,2025-10-01 00:00:00+00
164,55,Education,Improve participation and course completion,"Healing, Teaching, Legal Services",0.85,2025-09-01,Achieved,2025-09-27,2025-04-01 00:00:00+00,2025-10-01 00:00:00+00
165,55,Physical Health,Improve nutrition and overall wellbeing,"Caring, Teaching, Legal Services",4.2,2025-09-01,Achieved,,2025-04-01 00:00:00+00,2025-10-01 00:00:00+00
166,56,Safety,Maintain a stable and safe environment,"Teaching, Caring",4.2,2025-06-01,In Progress,2025-04-11,2024-10-01 00:00:00+00,2025-07-01 00:00:00+00
167,56,Education,Improve participation and course completion,Legal Services,0.85,2025-06-01,On Hold,,2024-10-01 00:00:00+00,2025-07-01 00:00:00+00
168,56,Physical Health,Improve nutrition and overall wellbeing,"Legal Services, Healing",4.2,2025-06-01,On Hold,,2024-10-01 00:00:00+00,2025-07-01 00:00:00+00
169,57,Safety,Maintain a stable and safe environment,Legal Services,4.2,2023-09-01,On Hold,2023-07-14,2023-04-01 00:00:00+00,2023-10-01 00:00:00+00
170,57,Education,Improve participation and course completion,Healing,0.85,2023-09-01,On Hold,2023-08-30,2023-04-01 00:00:00+00,2023-10-01 00:00:00+00
171,57,Physical Health,Improve nutrition and overall wellbeing,"Healing, Teaching, Caring",4.2,2023-09-01,In Progress,,2023-04-01 00:00:00+00,2023-10-01 00:00:00+00
172,58,Safety,Maintain a stable and safe environment,Legal Services,4.2,2025-10-01,In Progress,,2025-03-01 00:00:00+00,2025-11-01 00:00:00+00
173,58,Education,Improve participation and course completion,"Caring, Healing, Teaching",0.85,2025-10-01,Open,,2025-03-01 00:00:00+00,2025-11-01 00:00:00+00
174,58,Physical Health,Improve nutrition and overall wellbeing,"Legal Services, Caring, Teaching",4.2,2025-10-01,Open,2025-03-31,2025-03-01 00:00:00+00,2025-11-01 00:00:00+00
175,59,Safety,Maintain a stable and safe environment,"Caring, Healing",4.2,2024-01-01,In Progress,2023-11-03,2023-06-01 00:00:00+00,2024-02-01 00:00:00+00
176,59,Education,Improve participation and course completion,"Caring, Legal Services, Teaching",0.85,2024-01-01,Open,2023-12-31,2023-06-01 00:00:00+00,2024-02-01 00:00:00+00
177,59,Physical Health,Improve nutrition and overall wellbeing,"Teaching, Caring",4.2,2024-01-01,In Progress,2023-12-16,2023-06-01 00:00:00+00,2024-02-01 00:00:00+00
178,60,Safety,Maintain a stable and safe environment,Teaching,4.2,2024-05-01,Open,,2024-01-01 00:00:00+00,2024-06-01 00:00:00+00
179,60,Education,Improve participation and course completion,"Teaching, Legal Services, Caring",0.85,2024-05-01,In Progress,2024-02-03,2024-01-01 00:00:00+00,2024-06-01 00:00:00+00
180,60,Physical Health,Improve nutrition and overall wellbeing,"Teaching, Legal Services, Healing",4.2,2024-05-01,Achieved,,2024-01-01 00:00:00+00,2024-06-01 00:00:00+00
5,2,Education,Improve participation and course completion,"Healing, Caring",0.85,2023-11-01,In Progress,2026-02-17,2023-03-01 00:00:00+00,2023-12-01 00:00:00+00
7,3,Safety,Maintain a stable and safe environment,Caring,4.2,2025-02-01,In Progress,2026-02-17,2024-05-01 00:00:00+00,2025-03-01 00:00:00+00
9,3,Physical Health,Improve nutrition and overall wellbeing,"Legal Services, Healing, Teaching",4.2,2025-02-01,In Progress,2026-02-19,2024-05-01 00:00:00+00,2025-03-01 00:00:00+00
10,4,Safety,Maintain a stable and safe environment,"Caring, Healing",4.2,2025-06-01,In Progress,2026-02-19,2024-09-01 00:00:00+00,2025-07-01 00:00:00+00
18,6,Physical Health,Improve nutrition and overall wellbeing,"Teaching, Caring, Legal Services",4.2,2024-05-01,In Progress,2026-02-22,2023-08-01 00:00:00+00,2024-06-01 00:00:00+00
21,7,Physical Health,Improve nutrition and overall wellbeing,"Healing, Legal Services, Teaching",4.2,2025-01-01,In Progress,2026-02-22,2024-06-01 00:00:00+00,2025-02-01 00:00:00+00
23,8,Education,Improve participation and course completion,"Teaching, Caring, Legal Services",0.85,2024-06-01,In Progress,2026-02-25,2024-02-01 00:00:00+00,2024-07-01 00:00:00+00
24,8,Physical Health,Improve nutrition and overall wellbeing,"Caring, Healing",4.2,2024-06-01,In Progress,2026-02-25,2024-02-01 00:00:00+00,2024-07-01 00:00:00+00
181,61,Safety,Maintain a stable and safe environment,"Caring, Healing",4.2,2026-08-12,In Progress,2026-05-13,2026-02-12 00:00:00+00,2026-03-14 00:00:00+00
182,61,Education,Improve participation and course completion,Teaching,0.85,2026-08-12,In Progress,2026-05-13,2026-02-12 00:00:00+00,2026-03-14 00:00:00+00
183,61,Physical Health,Improve nutrition and overall wellbeing,"Teaching, Legal Services",4.2,2026-08-12,In Progress,2026-05-13,2026-02-12 00:00:00+00,2026-03-14 00:00:00+00
184,62,Safety,Maintain a stable and safe environment,"Caring, Healing",4.2,2026-08-14,In Progress,2026-05-15,2026-02-14 00:00:00+00,2026-03-16 00:00:00+00
185,62,Education,Improve participation and course completion,Teaching,0.85,2026-08-14,In Progress,2026-05-15,2026-02-14 00:00:00+00,2026-03-16 00:00:00+00
186,62,Physical Health,Improve nutrition and overall wellbeing,"Teaching, Legal Services",4.2,2026-08-14,In Progress,2026-05-15,2026-02-14 00:00:00+00,2026-03-16 00:00:00+00
187,63,Safety,Maintain a stable and safe environment,"Caring, Healing",4.2,2026-08-15,In Progress,2026-05-16,2026-02-15 00:00:00+00,2026-03-17 00:00:00+00
188,63,Education,Improve participation and course completion,Teaching,0.85,2026-08-15,In Progress,2026-05-16,2026-02-15 00:00:00+00,2026-03-17 00:00:00+00
189,63,Physical Health,Improve nutrition and overall wellbeing,"Teaching, Legal Services",4.2,2026-08-15,In Progress,2026-05-16,2026-02-15 00:00:00+00,2026-03-17 00:00:00+00
190,64,Safety,Maintain a stable and safe environment,"Caring, Healing",4.2,2026-08-12,In Progress,2026-05-13,2026-02-12 00:00:00+00,2026-03-14 00:00:00+00
191,64,Education,Improve participation and course completion,Teaching,0.85,2026-08-12,In Progress,2026-05-13,2026-02-12 00:00:00+00,2026-03-14 00:00:00+00
192,64,Physical Health,Improve nutrition and overall wellbeing,"Teaching, Legal Services",4.2,2026-08-12,In Progress,2026-05-13,2026-02-12 00:00:00+00,2026-03-14 00:00:00+00
193,65,Safety,Maintain a stable and safe environment,"Caring, Healing",4.2,2026-08-12,In Progress,2026-05-13,2026-02-12 00:00:00+00,2026-03-14 00:00:00+00
194,65,Education,Improve participation and course completion,Teaching,0.85,2026-08-12,In Progress,2026-05-13,2026-02-12 00:00:00+00,2026-03-14 00:00:00+00
195,65,Physical Health,Improve nutrition and overall wellbeing,"Teaching, Legal Services",4.2,2026-08-12,In Progress,2026-05-13,2026-02-12 00:00:00+00,2026-03-14 00:00:00+00
196,66,Safety,Maintain a stable and safe environment,"Caring, Healing",4.2,2026-08-14,In Progress,2026-05-15,2026-02-14 00:00:00+00,2026-03-16 00:00:00+00
197,66,Education,Improve participation and course completion,Teaching,0.85,2026-08-14,In Progress,2026-05-15,2026-02-14 00:00:00+00,2026-03-16 00:00:00+00
198,66,Physical Health,Improve nutrition and overall wellbeing,"Teaching, Legal Services",4.2,2026-08-14,In Progress,2026-05-15,2026-02-14 00:00:00+00,2026-03-16 00:00:00+00
199,83,Safety,Maintain a stable and safe environment,"Caring, Healing",4.2,2026-05-28,In Progress,2026-02-26,2025-11-28 00:00:00+00,2025-12-28 00:00:00+00
200,83,Education,Improve participation and course completion,Teaching,0.85,2026-05-28,In Progress,2026-02-26,2025-11-28 00:00:00+00,2025-12-28 00:00:00+00
201,83,Physical Health,Improve nutrition and overall wellbeing,"Teaching, Legal Services",4.2,2026-05-28,In Progress,2026-02-26,2025-11-28 00:00:00+00,2025-12-28 00:00:00+00
202,84,Safety,Maintain a stable and safe environment,"Caring, Healing",4.2,2026-05-25,In Progress,2026-02-23,2025-11-25 00:00:00+00,2025-12-25 00:00:00+00
203,84,Education,Improve participation and course completion,Teaching,0.85,2026-05-25,In Progress,2026-02-23,2025-11-25 00:00:00+00,2025-12-25 00:00:00+00
204,84,Physical Health,Improve nutrition and overall wellbeing,"Teaching, Legal Services",4.2,2026-05-25,In Progress,2026-02-23,2025-11-25 00:00:00+00,2025-12-25 00:00:00+00
205,85,Safety,Maintain a stable and safe environment,"Caring, Healing",4.2,2026-06-27,In Progress,2026-03-27,2025-12-27 00:00:00+00,2026-01-26 00:00:00+00
206,85,Education,Improve participation and course completion,Teaching,0.85,2026-06-27,In Progress,2026-03-27,2025-12-27 00:00:00+00,2026-01-26 00:00:00+00
207,85,Physical Health,Improve nutrition and overall wellbeing,"Teaching, Legal Services",4.2,2026-06-27,In Progress,2026-03-27,2025-12-27 00:00:00+00,2026-01-26 00:00:00+00
208,86,Safety,Maintain a stable and safe environment,"Caring, Healing",4.2,2026-07-29,In Progress,2026-04-29,2026-01-29 00:00:00+00,2026-02-28 00:00:00+00
209,86,Education,Improve participation and course completion,Teaching,0.85,2026-07-29,In Progress,2026-04-29,2026-01-29 00:00:00+00,2026-02-28 00:00:00+00
210,86,Physical Health,Improve nutrition and overall wellbeing,"Teaching, Legal Services",4.2,2026-07-29,In Progress,2026-04-29,2026-01-29 00:00:00+00,2026-02-28 00:00:00+00
211,87,Safety,Maintain a stable and safe environment,"Caring, Healing",4.2,2026-06-24,In Progress,2026-03-24,2025-12-24 00:00:00+00,2026-01-23 00:00:00+00
212,87,Education,Improve participation and course completion,Teaching,0.85,2026-06-24,In Progress,2026-03-24,2025-12-24 00:00:00+00,2026-01-23 00:00:00+00
213,87,Physical Health,Improve nutrition and overall wellbeing,"Teaching, Legal Services",4.2,2026-06-24,In Progress,2026-03-24,2025-12-24 00:00:00+00,2026-01-23 00:00:00+00
214,88,Safety,Maintain a stable and safe environment,"Caring, Healing",4.2,2026-07-24,In Progress,2026-04-24,2026-01-24 00:00:00+00,2026-02-23 00:00:00+00
215,88,Education,Improve participation and course completion,Teaching,0.85,2026-07-24,In Progress,2026-04-24,2026-01-24 00:00:00+00,2026-02-23 00:00:00+00
216,88,Physical Health,Improve nutrition and overall wellbeing,"Teaching, Legal Services",4.2,2026-07-24,In Progress,2026-04-24,2026-01-24 00:00:00+00,2026-02-23 00:00:00+00
217,89,Safety,Maintain a stable and safe environment,"Caring, Healing",4.2,2026-07-09,In Progress,2026-04-09,2026-01-09 00:00:00+00,2026-02-08 00:00:00+00
218,89,Education,Improve participation and course completion,Teaching,0.85,2026-07-09,In Progress,2026-04-09,2026-01-09 00:00:00+00,2026-02-08 00:00:00+00
219,89,Physical Health,Improve nutrition and overall wellbeing,"Teaching, Legal Services",4.2,2026-07-09,In Progress,2026-04-09,2026-01-09 00:00:00+00,2026-02-08 00:00:00+00
220,90,Safety,Maintain a stable and safe environment,"Caring, Healing",4.2,2026-06-03,In Progress,2026-03-03,2025-12-03 00:00:00+00,2026-01-02 00:00:00+00
221,90,Education,Improve participation and course completion,Teaching,0.85,2026-06-03,In Progress,2026-03-03,2025-12-03 00:00:00+00,2026-01-02 00:00:00+00
222,90,Physical Health,Improve nutrition and overall wellbeing,"Teaching, Legal Services",4.2,2026-06-03,In Progress,2026-03-03,2025-12-03 00:00:00+00,2026-01-02 00:00:00+00
223,91,Safety,Maintain a stable and safe environment,"Caring, Healing",4.2,2026-06-23,In Progress,2026-03-23,2025-12-23 00:00:00+00,2026-01-22 00:00:00+00
224,91,Education,Improve participation and course completion,Teaching,0.85,2026-06-23,In Progress,2026-03-23,2025-12-23 00:00:00+00,2026-01-22 00:00:00+00
225,91,Physical Health,Improve nutrition and overall wellbeing,"Teaching, Legal Services",4.2,2026-06-23,In Progress,2026-03-23,2025-12-23 00:00:00+00,2026-01-22 00:00:00+00
226,92,Safety,Maintain a stable and safe environment,"Caring, Healing",4.2,2026-05-23,In Progress,2026-02-21,2025-11-23 00:00:00+00,2025-12-23 00:00:00+00
227,92,Education,Improve participation and course completion,Teaching,0.85,2026-05-23,In Progress,2026-02-21,2025-11-23 00:00:00+00,2025-12-23 00:00:00+00
228,92,Physical Health,Improve nutrition and overall wellbeing,"Teaching, Legal Services",4.2,2026-05-23,In Progress,2026-02-21,2025-11-23 00:00:00+00,2025-12-23 00:00:00+00
229,93,Safety,Maintain a stable and safe environment,"Caring, Healing",4.2,2026-07-12,In Progress,2026-04-12,2026-01-12 00:00:00+00,2026-02-11 00:00:00+00
230,93,Education,Improve participation and course completion,Teaching,0.85,2026-07-12,In Progress,2026-04-12,2026-01-12 00:00:00+00,2026-02-11 00:00:00+00
231,93,Physical Health,Improve nutrition and overall wellbeing,"Teaching, Legal Services",4.2,2026-07-12,In Progress,2026-04-12,2026-01-12 00:00:00+00,2026-02-11 00:00:00+00
232,94,Safety,Maintain a stable and safe environment,"Caring, Healing",4.2,2026-07-28,In Progress,2026-04-28,2026-01-28 00:00:00+00,2026-02-27 00:00:00+00
233,94,Education,Improve participation and course completion,Teaching,0.85,2026-07-28,In Progress,2026-04-28,2026-01-28 00:00:00+00,2026-02-27 00:00:00+00
234,94,Physical Health,Improve nutrition and overall wellbeing,"Teaching, Legal Services",4.2,2026-07-28,In Progress,2026-04-28,2026-01-28 00:00:00+00,2026-02-27 00:00:00+00
235,95,Safety,Maintain a stable and safe environment,"Caring, Healing",4.2,2026-07-18,In Progress,2026-04-18,2026-01-18 00:00:00+00,2026-02-17 00:00:00+00
236,95,Education,Improve participation and course completion,Teaching,0.85,2026-07-18,In Progress,2026-04-18,2026-01-18 00:00:00+00,2026-02-17 00:00:00+00
237,95,Physical Health,Improve nutrition and overall wellbeing,"Teaching, Legal Services",4.2,2026-07-18,In Progress,2026-04-18,2026-01-18 00:00:00+00,2026-02-17 00:00:00+00
238,96,Safety,Maintain a stable and safe environment,"Caring, Healing",4.2,2026-05-19,In Progress,2026-02-17,2025-11-19 00:00:00+00,2025-12-19 00:00:00+00
239,96,Education,Improve participation and course completion,Teaching,0.85,2026-05-19,In Progress,2026-02-17,2025-11-19 00:00:00+00,2025-12-19 00:00:00+00
240,96,Physical Health,Improve nutrition and overall wellbeing,"Teaching, Legal Services",4.2,2026-05-19,In Progress,2026-02-17,2025-11-19 00:00:00+00,2025-12-19 00:00:00+00
241,97,Safety,Maintain a stable and safe environment,"Caring, Healing",4.2,2026-05-28,In Progress,2026-02-26,2025-11-28 00:00:00+00,2025-12-28 00:00:00+00
242,97,Education,Improve participation and course completion,Teaching,0.85,2026-05-28,In Progress,2026-02-26,2025-11-28 00:00:00+00,2025-12-28 00:00:00+00
243,97,Physical Health,Improve nutrition and overall wellbeing,"Teaching, Legal Services",4.2,2026-05-28,In Progress,2026-02-26,2025-11-28 00:00:00+00,2025-12-28 00:00:00+00
244,98,Safety,Maintain a stable and safe environment,"Caring, Healing",4.2,2026-07-14,In Progress,2026-04-14,2026-01-14 00:00:00+00,2026-02-13 00:00:00+00
245,98,Education,Improve participation and course completion,Teaching,0.85,2026-07-14,In Progress,2026-04-14,2026-01-14 00:00:00+00,2026-02-13 00:00:00+00
246,98,Physical Health,Improve nutrition and overall wellbeing,"Teaching, Legal Services",4.2,2026-07-14,In Progress,2026-04-14,2026-01-14 00:00:00+00,2026-02-13 00:00:00+00
247,99,Safety,Maintain a stable and safe environment,"Caring, Healing",4.2,2026-07-11,In Progress,2026-04-11,2026-01-11 00:00:00+00,2026-02-10 00:00:00+00
248,99,Education,Improve participation and course completion,Teaching,0.85,2026-07-11,In Progress,2026-04-11,2026-01-11 00:00:00+00,2026-02-10 00:00:00+00
249,99,Physical Health,Improve nutrition and overall wellbeing,"Teaching, Legal Services",4.2,2026-07-11,In Progress,2026-04-11,2026-01-11 00:00:00+00,2026-02-10 00:00:00+00
250,100,Safety,Maintain a stable and safe environment,"Caring, Healing",4.2,2026-06-22,In Progress,2026-03-22,2025-12-22 00:00:00+00,2026-01-21 00:00:00+00
251,100,Education,Improve participation and course completion,Teaching,0.85,2026-06-22,In Progress,2026-03-22,2025-12-22 00:00:00+00,2026-01-21 00:00:00+00
252,100,Physical Health,Improve nutrition and overall wellbeing,"Teaching, Legal Services",4.2,2026-06-22,In Progress,2026-03-22,2025-12-22 00:00:00+00,2026-01-21 00:00:00+00
253,101,Safety,Maintain a stable and safe environment,"Caring, Healing",4.2,2026-06-10,In Progress,2026-03-10,2025-12-10 00:00:00+00,2026-01-09 00:00:00+00
254,101,Education,Improve participation and course completion,Teaching,0.85,2026-06-10,In Progress,2026-03-10,2025-12-10 00:00:00+00,2026-01-09 00:00:00+00
255,101,Physical Health,Improve nutrition and overall wellbeing,"Teaching, Legal Services",4.2,2026-06-10,In Progress,2026-03-10,2025-12-10 00:00:00+00,2026-01-09 00:00:00+00
256,102,Safety,Maintain a stable and safe environment,"Caring, Healing",4.2,2026-06-11,In Progress,2026-03-11,2025-12-11 00:00:00+00,2026-01-10 00:00:00+00
257,102,Education,Improve participation and course completion,Teaching,0.85,2026-06-11,In Progress,2026-03-11,2025-12-11 00:00:00+00,2026-01-10 00:00:00+00
258,102,Physical Health,Improve nutrition and overall wellbeing,"Teaching, Legal Services",4.2,2026-06-11,In Progress,2026-03-11,2025-12-11 00:00:00+00,2026-01-10 00:00:00+00
259,103,Safety,Maintain a stable and safe environment,"Caring, Healing",4.2,2026-06-15,In Progress,2026-03-15,2025-12-15 00:00:00+00,2026-01-14 00:00:00+00
260,103,Education,Improve participation and course completion,Teaching,0.85,2026-06-15,In Progress,2026-03-15,2025-12-15 00:00:00+00,2026-01-14 00:00:00+00
261,103,Physical Health,Improve nutrition and overall wellbeing,"Teaching, Legal Services",4.2,2026-06-15,In Progress,2026-03-15,2025-12-15 00:00:00+00,2026-01-14 00:00:00+00
262,104,Safety,Maintain a stable and safe environment,"Caring, Healing",4.2,2026-05-24,In Progress,2026-02-22,2025-11-24 00:00:00+00,2025-12-24 00:00:00+00
263,104,Education,Improve participation and course completion,Teaching,0.85,2026-05-24,In Progress,2026-02-22,2025-11-24 00:00:00+00,2025-12-24 00:00:00+00
264,104,Physical Health,Improve nutrition and overall wellbeing,"Teaching, Legal Services",4.2,2026-05-24,In Progress,2026-02-22,2025-11-24 00:00:00+00,2025-12-24 00:00:00+00
265,105,Safety,Maintain a stable and safe environment,"Caring, Healing",4.2,2026-07-16,In Progress,2026-04-16,2026-01-16 00:00:00+00,2026-02-15 00:00:00+00
266,105,Education,Improve participation and course completion,Teaching,0.85,2026-07-16,In Progress,2026-04-16,2026-01-16 00:00:00+00,2026-02-15 00:00:00+00
267,105,Physical Health,Improve nutrition and overall wellbeing,"Teaching, Legal Services",4.2,2026-07-16,In Progress,2026-04-16,2026-01-16 00:00:00+00,2026-02-15 00:00:00+00
268,106,Safety,Maintain a stable and safe environment,"Caring, Healing",4.2,2026-06-08,In Progress,2026-03-08,2025-12-08 00:00:00+00,2026-01-07 00:00:00+00
269,106,Education,Improve participation and course completion,Teaching,0.85,2026-06-08,In Progress,2026-03-08,2025-12-08 00:00:00+00,2026-01-07 00:00:00+00
270,106,Physical Health,Improve nutrition and overall wellbeing,"Teaching, Legal Services",4.2,2026-06-08,In Progress,2026-03-08,2025-12-08 00:00:00+00,2026-01-07 00:00:00+00
271,107,Safety,Maintain a stable and safe environment,"Caring, Healing",4.2,2026-06-14,In Progress,2026-03-14,2025-12-14 00:00:00+00,2026-01-13 00:00:00+00
272,107,Education,Improve participation and course completion,Teaching,0.85,2026-06-14,In Progress,2026-03-14,2025-12-14 00:00:00+00,2026-01-13 00:00:00+00
273,107,Physical Health,Improve nutrition and overall wellbeing,"Teaching, Legal Services",4.2,2026-06-14,In Progress,2026-03-14,2025-12-14 00:00:00+00,2026-01-13 00:00:00+00
274,108,Safety,Maintain a stable and safe environment,"Caring, Healing",4.2,2026-05-27,In Progress,2026-02-25,2025-11-27 00:00:00+00,2025-12-27 00:00:00+00
275,108,Education,Improve participation and course completion,Teaching,0.85,2026-05-27,In Progress,2026-02-25,2025-11-27 00:00:00+00,2025-12-27 00:00:00+00
276,108,Physical Health,Improve nutrition and overall wellbeing,"Teaching, Legal Services",4.2,2026-05-27,In Progress,2026-02-25,2025-11-27 00:00:00+00,2025-12-27 00:00:00+00
277,109,Safety,Maintain a stable and safe environment,"Caring, Healing",4.2,2026-05-25,In Progress,2026-02-23,2025-11-25 00:00:00+00,2025-12-25 00:00:00+00
278,109,Education,Improve participation and course completion,Teaching,0.85,2026-05-25,In Progress,2026-02-23,2025-11-25 00:00:00+00,2025-12-25 00:00:00+00
279,109,Physical Health,Improve nutrition and overall wellbeing,"Teaching, Legal Services",4.2,2026-05-25,In Progress,2026-02-23,2025-11-25 00:00:00+00,2025-12-25 00:00:00+00
280,110,Safety,Maintain a stable and safe environment,"Caring, Healing",4.2,2026-05-27,In Progress,2026-02-25,2025-11-27 00:00:00+00,2025-12-27 00:00:00+00
281,110,Education,Improve participation and course completion,Teaching,0.85,2026-05-27,In Progress,2026-02-25,2025-11-27 00:00:00+00,2025-12-27 00:00:00+00
282,110,Physical Health,Improve nutrition and overall wellbeing,"Teaching, Legal Services",4.2,2026-05-27,In Progress,2026-02-25,2025-11-27 00:00:00+00,2025-12-27 00:00:00+00
283,111,Safety,Maintain a stable and safe environment,"Caring, Healing",4.2,2026-07-14,In Progress,2026-04-14,2026-01-14 00:00:00+00,2026-02-13 00:00:00+00
284,111,Education,Improve participation and course completion,Teaching,0.85,2026-07-14,In Progress,2026-04-14,2026-01-14 00:00:00+00,2026-02-13 00:00:00+00
285,111,Physical Health,Improve nutrition and overall wellbeing,"Teaching, Legal Services",4.2,2026-07-14,In Progress,2026-04-14,2026-01-14 00:00:00+00,2026-02-13 00:00:00+00
286,82,Safety,Maintain a stable and safe environment,"Caring, Healing",4.2,2026-08-14,In Progress,2026-05-15,2026-02-14 00:00:00+00,2026-03-16 00:00:00+00
287,82,Education,Improve participation and course completion,Teaching,0.85,2026-08-14,In Progress,2026-05-15,2026-02-14 00:00:00+00,2026-03-16 00:00:00+00
288,82,Physical Health,Improve nutrition and overall wellbeing,"Teaching, Legal Services",4.2,2026-08-14,In Progress,2026-05-15,2026-02-14 00:00:00+00,2026-03-16 00:00:00+00
289,112,Safety,Maintain a stable and safe environment,"Caring, Healing",4.2,2026-08-15,In Progress,2026-05-16,2026-02-15 00:00:00+00,2026-03-17 00:00:00+00
290,112,Education,Improve participation and course completion,Teaching,0.85,2026-08-15,In Progress,2026-05-16,2026-02-15 00:00:00+00,2026-03-17 00:00:00+00
291,112,Physical Health,Improve nutrition and overall wellbeing,"Teaching, Legal Services",4.2,2026-08-15,In Progress,2026-05-16,2026-02-15 00:00:00+00,2026-03-17 00:00:00+00
292,113,Safety,Maintain a stable and safe environment,"Caring, Healing",4.2,2026-08-14,In Progress,2026-05-15,2026-02-14 00:00:00+00,2026-03-16 00:00:00+00
293,113,Education,Improve participation and course completion,Teaching,0.85,2026-08-14,In Progress,2026-05-15,2026-02-14 00:00:00+00,2026-03-16 00:00:00+00
294,113,Physical Health,Improve nutrition and overall wellbeing,"Teaching, Legal Services",4.2,2026-08-14,In Progress,2026-05-15,2026-02-14 00:00:00+00,2026-03-16 00:00:00+00
295,67,Safety,Maintain a stable and safe environment,"Caring, Healing",4.2,2026-08-12,In Progress,2026-05-13,2026-02-12 00:00:00+00,2026-03-14 00:00:00+00
296,67,Education,Improve participation and course completion,Teaching,0.85,2026-08-12,In Progress,2026-05-13,2026-02-12 00:00:00+00,2026-03-14 00:00:00+00
297,67,Physical Health,Improve nutrition and overall wellbeing,"Teaching, Legal Services",4.2,2026-08-12,In Progress,2026-05-13,2026-02-12 00:00:00+00,2026-03-14 00:00:00+00
298,68,Safety,Maintain a stable and safe environment,"Caring, Healing",4.2,2026-08-13,In Progress,2026-05-14,2026-02-13 00:00:00+00,2026-03-15 00:00:00+00
299,68,Education,Improve participation and course completion,Teaching,0.85,2026-08-13,In Progress,2026-05-14,2026-02-13 00:00:00+00,2026-03-15 00:00:00+00
300,68,Physical Health,Improve nutrition and overall wellbeing,"Teaching, Legal Services",4.2,2026-08-13,In Progress,2026-05-14,2026-02-13 00:00:00+00,2026-03-15 00:00:00+00
301,69,Safety,Maintain a stable and safe environment,"Caring, Healing",4.2,2026-08-16,In Progress,2026-05-17,2026-02-16 00:00:00+00,2026-03-18 00:00:00+00
302,69,Education,Improve participation and course completion,Teaching,0.85,2026-08-16,In Progress,2026-05-17,2026-02-16 00:00:00+00,2026-03-18 00:00:00+00
303,69,Physical Health,Improve nutrition and overall wellbeing,"Teaching, Legal Services",4.2,2026-08-16,In Progress,2026-05-17,2026-02-16 00:00:00+00,2026-03-18 00:00:00+00
304,70,Safety,Maintain a stable and safe environment,"Caring, Healing",4.2,2026-08-15,In Progress,2026-05-16,2026-02-15 00:00:00+00,2026-03-17 00:00:00+00
305,70,Education,Improve participation and course completion,Teaching,0.85,2026-08-15,In Progress,2026-05-16,2026-02-15 00:00:00+00,2026-03-17 00:00:00+00
306,70,Physical Health,Improve nutrition and overall wellbeing,"Teaching, Legal Services",4.2,2026-08-15,In Progress,2026-05-16,2026-02-15 00:00:00+00,2026-03-17 00:00:00+00
307,71,Safety,Maintain a stable and safe environment,"Caring, Healing",4.2,2026-08-16,In Progress,2026-05-17,2026-02-16 00:00:00+00,2026-03-18 00:00:00+00
308,71,Education,Improve participation and course completion,Teaching,0.85,2026-08-16,In Progress,2026-05-17,2026-02-16 00:00:00+00,2026-03-18 00:00:00+00
309,71,Physical Health,Improve nutrition and overall wellbeing,"Teaching, Legal Services",4.2,2026-08-16,In Progress,2026-05-17,2026-02-16 00:00:00+00,2026-03-18 00:00:00+00
310,72,Safety,Maintain a stable and safe environment,"Caring, Healing",4.2,2026-08-12,In Progress,2026-05-13,2026-02-12 00:00:00+00,2026-03-14 00:00:00+00
311,72,Education,Improve participation and course completion,Teaching,0.85,2026-08-12,In Progress,2026-05-13,2026-02-12 00:00:00+00,2026-03-14 00:00:00+00
312,72,Physical Health,Improve nutrition and overall wellbeing,"Teaching, Legal Services",4.2,2026-08-12,In Progress,2026-05-13,2026-02-12 00:00:00+00,2026-03-14 00:00:00+00
313,73,Safety,Maintain a stable and safe environment,"Caring, Healing",4.2,2026-08-15,In Progress,2026-05-16,2026-02-15 00:00:00+00,2026-03-17 00:00:00+00
314,73,Education,Improve participation and course completion,Teaching,0.85,2026-08-15,In Progress,2026-05-16,2026-02-15 00:00:00+00,2026-03-17 00:00:00+00
315,73,Physical Health,Improve nutrition and overall wellbeing,"Teaching, Legal Services",4.2,2026-08-15,In Progress,2026-05-16,2026-02-15 00:00:00+00,2026-03-17 00:00:00+00
316,74,Safety,Maintain a stable and safe environment,"Caring, Healing",4.2,2026-08-12,In Progress,2026-05-13,2026-02-12 00:00:00+00,2026-03-14 00:00:00+00
317,74,Education,Improve participation and course completion,Teaching,0.85,2026-08-12,In Progress,2026-05-13,2026-02-12 00:00:00+00,2026-03-14 00:00:00+00
318,74,Physical Health,Improve nutrition and overall wellbeing,"Teaching, Legal Services",4.2,2026-08-12,In Progress,2026-05-13,2026-02-12 00:00:00+00,2026-03-14 00:00:00+00
319,75,Safety,Maintain a stable and safe environment,"Caring, Healing",4.2,2026-08-12,In Progress,2026-05-13,2026-02-12 00:00:00+00,2026-03-14 00:00:00+00
320,75,Education,Improve participation and course completion,Teaching,0.85,2026-08-12,In Progress,2026-05-13,2026-02-12 00:00:00+00,2026-03-14 00:00:00+00
321,75,Physical Health,Improve nutrition and overall wellbeing,"Teaching, Legal Services",4.2,2026-08-12,In Progress,2026-05-13,2026-02-12 00:00:00+00,2026-03-14 00:00:00+00
322,76,Safety,Maintain a stable and safe environment,"Caring, Healing",4.2,2026-08-13,In Progress,2026-05-14,2026-02-13 00:00:00+00,2026-03-15 00:00:00+00
323,76,Education,Improve participation and course completion,Teaching,0.85,2026-08-13,In Progress,2026-05-14,2026-02-13 00:00:00+00,2026-03-15 00:00:00+00
324,76,Physical Health,Improve nutrition and overall wellbeing,"Teaching, Legal Services",4.2,2026-08-13,In Progress,2026-05-14,2026-02-13 00:00:00+00,2026-03-15 00:00:00+00
325,77,Safety,Maintain a stable and safe environment,"Caring, Healing",4.2,2026-08-16,In Progress,2026-05-17,2026-02-16 00:00:00+00,2026-03-18 00:00:00+00
326,77,Education,Improve participation and course completion,Teaching,0.85,2026-08-16,In Progress,2026-05-17,2026-02-16 00:00:00+00,2026-03-18 00:00:00+00
327,77,Physical Health,Improve nutrition and overall wellbeing,"Teaching, Legal Services",4.2,2026-08-16,In Progress,2026-05-17,2026-02-16 00:00:00+00,2026-03-18 00:00:00+00
328,78,Safety,Maintain a stable and safe environment,"Caring, Healing",4.2,2026-08-16,In Progress,2026-05-17,2026-02-16 00:00:00+00,2026-03-18 00:00:00+00
329,78,Education,Improve participation and course completion,Teaching,0.85,2026-08-16,In Progress,2026-05-17,2026-02-16 00:00:00+00,2026-03-18 00:00:00+00
330,78,Physical Health,Improve nutrition and overall wellbeing,"Teaching, Legal Services",4.2,2026-08-16,In Progress,2026-05-17,2026-02-16 00:00:00+00,2026-03-18 00:00:00+00
331,79,Safety,Maintain a stable and safe environment,"Caring, Healing",4.2,2026-08-16,In Progress,2026-05-17,2026-02-16 00:00:00+00,2026-03-18 00:00:00+00
332,79,Education,Improve participation and course completion,Teaching,0.85,2026-08-16,In Progress,2026-05-17,2026-02-16 00:00:00+00,2026-03-18 00:00:00+00
333,79,Physical Health,Improve nutrition and overall wellbeing,"Teaching, Legal Services",4.2,2026-08-16,In Progress,2026-05-17,2026-02-16 00:00:00+00,2026-03-18 00:00:00+00
334,80,Safety,Maintain a stable and safe environment,"Caring, Healing",4.2,2026-08-14,In Progress,2026-05-15,2026-02-14 00:00:00+00,2026-03-16 00:00:00+00
335,80,Education,Improve participation and course completion,Teaching,0.85,2026-08-14,In Progress,2026-05-15,2026-02-14 00:00:00+00,2026-03-16 00:00:00+00
336,80,Physical Health,Improve nutrition and overall wellbeing,"Teaching, Legal Services",4.2,2026-08-14,In Progress,2026-05-15,2026-02-14 00:00:00+00,2026-03-16 00:00:00+00
337,81,Safety,Maintain a stable and safe environment,"Caring, Healing",4.2,2026-08-13,In Progress,2026-05-14,2026-02-13 00:00:00+00,2026-03-15 00:00:00+00
338,81,Education,Improve participation and course completion,Teaching,0.85,2026-08-13,In Progress,2026-05-14,2026-02-13 00:00:00+00,2026-03-15 00:00:00+00
339,81,Physical Health,Improve nutrition and overall wellbeing,"Teaching, Legal Services",4.2,2026-08-13,In Progress,2026-05-14,2026-02-13 00:00:00+00,2026-03-15 00:00:00+00
340,79,Safety,We should do good,CBT,79.98,2026-02-10,Open,,2026-02-16 00:00:00+00,2026-02-16 00:00:00+00
341,85,Safety,Help her out,\Yep,80,2026-02-17,In Progress,,2026-02-16 00:00:00+00,2026-02-16 00:00:00+00
